subject,session,mean_timing,median_timing,std_timing,cv_timing,iqr_timing,min_timing,max_timing,range_timing,n_outliers,outlier_rate,q25,q75,n_keystrokes,rt_trend,early_vs_late_ratio,acceleration,recovery_rate,variability_trend,outlier_clustering,inferred_state
s002,1,0.22348354838709678,0.12974999999999998,0.24161781827917742,1.0811388081321491,0.14895,-0.118,1.6055,1.7235,112,0.07225806451612904,0.0839,0.23285,1550,-3.8146292269948075e-05,0.8192027354781235,0.30319134366925066,-9.842205138913615e-05,-0.08039223563378073,-9.700636942675159,2
s002,2,0.17232445161290322,0.1115,0.17440344844046254,1.012058560172685,0.10110000000000001,-0.0306,1.441,1.4716,85,0.054838709677419356,0.081,0.1821,1550,-3.232182634992593e-05,0.8045187810984513,0.2159470284237726,-3.206859446820474e-05,-0.07836864475772981,-14.280373831775702,0
s002,3,0.15595799999999999,0.1051,0.14426933914260912,0.9250465772581841,0.09677499999999999,-0.0588,1.736,1.7948,70,0.04516129032258064,0.0803,0.17707499999999998,1550,-1.2634600190293759e-05,0.9185558587907562,0.18734127906976747,-1.0939966950500843e-05,-0.06617125962541485,-13.669642857142858,0
s002,4,0.1372789677419355,0.1024,0.11344283128760208,0.8263611446999796,0.07755,-0.0847,0.878,0.9627,89,0.05741935483870968,0.078475,0.156025,1550,-3.357491109156152e-07,0.9822224791251806,0.15921821705426356,-1.5683374451860312e-05,0.010137385477438782,-12.48360655737705,1
s002,5,0.13201883870967743,0.0971,0.12199994238472907,0.924103101299927,0.08215000000000001,-0.0916,1.1874,1.279,78,0.05032258064516129,0.0702,0.15235,1550,5.084914042930226e-06,1.0205891024496878,0.156672157622739,4.2517167951781524e-05,-0.013428658537125146,-14.634615384615385,1
s002,6,0.11919993548387098,0.0909,0.09439946353727266,0.7919355930729739,0.07255,-0.1388,0.6668,0.8056,95,0.06129032258064516,0.070275,0.142825,1550,1.9054416040910507e-06,1.0029040089722536,0.13555206718346255,-1.8451285501787942e-05,-0.01698156722663928,-13.172413793103448,1
s002,7,0.13561729032258066,0.1018,0.11004168511221131,0.8114074056712186,0.07947500000000002,-0.1742,0.9154,1.0896,98,0.06322580645161291,0.0774,0.15687500000000001,1550,1.3468727300601914e-06,0.985094725248651,0.156640826873385,-1.4145283743616394e-05,-0.008690929041930737,-12.373983739837398,1
s002,8,0.16286090322580643,0.1354,0.12759022495356104,0.7834258499156702,0.086675,-0.0826,0.9202,1.0028000000000001,96,0.06193548387096774,0.0998,0.186475,1550,-2.579744486215068e-06,0.9824329943979639,0.19208346253229971,-7.969581570650404e-05,-0.018156489328929187,-14.231481481481481,1
s003,1,0.17335864516129035,0.1299,0.15357320271780203,0.8858647730555782,0.10092500000000001,-0.0646,1.2881,1.3527,72,0.04645161290322581,0.09985,0.200775,1550,-5.044999716625711e-05,0.712820097225948,0.21156253229974162,-4.072063118872518e-05,-0.07468976069071759,-16.593406593406595,0
s003,2,0.14529290322580646,0.1186,0.13675840374469528,0.9412535605995397,0.07644999999999999,-0.0761,1.4988,1.5749,47,0.03032258064516129,0.085925,0.162375,1550,-3.0174931642749627e-05,0.7925136402960755,0.18275736434108528,-9.917003219877135e-05,-0.04266443640878252,-21.08955223880597,0
s003,3,0.1347543870967742,0.12085,0.11732846731311077,0.8706773795162018,0.069125,-0.0955,1.1452,1.2407,62,0.04,0.0863,0.155425,1550,-1.4968826773638041e-05,0.8998698353391001,0.17807881136950904,-1.5536046382729656e-05,-0.019660760015950796,-22.984848484848484,0
s003,4,0.12479264516129034,0.11935000000000001,0.1123184063741223,0.900033060409091,0.08427499999999999,-0.1272,1.0504,1.1776,48,0.03096774193548387,0.0721,0.156375,1550,-1.6211222645066047e-05,0.8346630651711627,0.1774737726098191,-2.326224597386477e-05,-0.046139694318022215,-28.80392156862745,0
s003,5,0.11801780645161289,0.11635000000000001,0.1119384593845292,0.9484798461372629,0.079875,-0.1189,1.3781,1.497,45,0.02903225806451613,0.069025,0.1489,1550,-1.5172587994363785e-05,0.8928703013314937,0.17684418604651167,-3.1424631931178544e-05,-0.02641112148178565,-34.18181818181818,0
s003,6,0.11530270967741936,0.1229,0.10119840011683008,0.8776682068595091,0.08990000000000001,-0.1523,0.8821,1.0344,57,0.036774193548387096,0.06605,0.15595,1550,4.356597241509353e-06,1.0023336007922616,0.1808646640826873,-8.16809614774828e-05,0.009685848350839896,-25.583333333333332,1
s003,7,0.11818929032258065,0.13005,0.11377440786619288,0.962637519170692,0.11155000000000001,-0.2358,1.0977,1.3335,68,0.04387096774193548,0.06455,0.1761,1550,-3.2621735843359635e-06,0.946320030690452,0.2139997416020672,-3.6898044098653634e-05,-0.0040602400998762805,-18.938271604938272,1
s003,8,0.12317535483870967,0.12865,0.1164871672249776,0.9456942233556832,0.10495000000000002,-0.177,1.185,1.362,46,0.02967741935483871,0.0713,0.17625000000000002,1550,-8.923469727468845e-06,0.9601485976212236,0.20807861757105942,-4.502821581684073e-05,-0.020495204237699127,-29.137254901960784,0
s004,1,0.17270516129032257,0.1127,0.17743604270491506,1.027386871315155,0.1065,-0.0472,1.3518,1.3989999999999998,97,0.06258064516129032,0.0818,0.1883,1550,-5.200783619540029e-05,0.7192875805677506,0.22687603359173125,-7.848293774474545e-05,-0.09581605425282833,-11.928,0
s004,2,0.1525669677419355,0.1077,0.1445416187609341,0.9473916504244341,0.0988,-0.0847,1.332,1.4167,80,0.05161290322580645,0.0779,0.1767,1550,-1.597011724445147e-05,0.8644533541072035,0.19512409560723515,-6.802023959598161e-05,-0.020961950683861724,-12.683333333333334,0
s004,3,0.14230967741935485,0.1051,0.14429436283187652,1.0139391186135405,0.08139999999999999,-0.1088,1.3492,1.458,68,0.04387096774193548,0.0729,0.1543,1550,-7.5489335439151345e-06,0.8620597878877377,0.1823423126614987,-4.3221166116271216e-05,-0.017766533905313187,-17.709302325581394,0
s004,4,0.1356434193548387,0.1043,0.12635251738783637,0.9314980888178289,0.08202500000000001,-0.0853,1.3044,1.3897,71,0.045806451612903226,0.0731,0.155125,1550,1.3683514943291313e-06,1.0008499641247346,0.171687661498708,-5.304747836443643e-05,-0.016970077233577213,-15.540816326530612,1
s004,5,0.13422406451612903,0.10565,0.1270301545414889,0.9463966733741032,0.08175,-0.0998,1.2092,1.3090000000000002,83,0.053548387096774196,0.075,0.15675,1550,-4.526316166839689e-06,0.9371481539522114,0.17448036175710593,-7.643483551300178e-05,-0.027457875702300724,-15.069306930693068,1
s004,6,0.12510200000000002,0.1052,0.11227392551629567,0.8974519037616656,0.07722499999999999,-0.1017,1.7069,1.8086,59,0.03806451612903226,0.0766,0.153825,1550,6.062302949634344e-06,1.0325635292384412,0.1554888888888889,-2.497530568209074e-05,0.013666487544931383,-20.89041095890411,1
s004,7,0.12730251612903226,0.1117,0.099635103479055,0.7826579069353189,0.07447500000000001,-0.0861,0.8735,0.9596,86,0.05548387096774193,0.0797,0.154175,1550,-1.4576720377004504e-06,0.9662985899308254,0.1571432816537468,1.834236651946494e-05,-0.00853464691716177,-17.697674418604652,1
s004,8,0.12701929032258064,0.11,0.09853314494975741,0.7757275998938651,0.077775,-0.094,1.1123,1.2063000000000001,83,0.053548387096774196,0.076,0.153775,1550,-4.1942996210034585e-06,0.9372557395772725,0.15146912144702843,9.671149746199411e-06,-0.02294162183801264,-19.227848101265824,1
s005,1,0.24136696774193547,0.1658,0.2195674275871925,0.9096792322581447,0.20795,-0.0066,2.7314,2.738,71,0.045806451612903226,0.10355,0.3115,1550,-9.676738096457073e-05,0.6232588761561372,0.30328714470284235,-0.00021957294478258758,-0.1626218817536957,-15.885416666666666,2
s005,2,0.21241070967741937,0.15739999999999998,0.15644183744976164,0.7365028871870727,0.16290000000000002,0.0141,1.1656,1.1515,85,0.054838709677419356,0.1011,0.264,1550,-1.3851250933352717e-05,0.9392357411696467,0.2508423772609819,-8.532117565473832e-05,0.00822504767514265,-13.120689655172415,1
s005,3,0.19808961290322583,0.15489999999999998,0.13577655064484237,0.6854264755653714,0.163725,0.0116,0.9812,0.9696,65,0.041935483870967745,0.0966,0.26032500000000003,1550,-1.0898456981667883e-05,0.9660508657407613,0.2281867571059432,-2.6595164254981085e-05,-0.004686298893832264,-16.692307692307693,1
s005,4,0.1866772258064516,0.14335,0.13380402367755556,0.7167628849027302,0.14595000000000002,-0.0396,1.2319,1.2715,49,0.031612903225806455,0.094275,0.24022500000000002,1550,-2.1432776508557162e-05,0.9002987006991721,0.21243255813953488,-7.962332593457651e-05,-0.01878769857902124,-17.306818181818183,0
s005,5,0.17931232258064517,0.13479999999999998,0.12090212003434501,0.6742506261907559,0.1442,-0.0124,0.9617,0.9741,66,0.04258064516129032,0.0924,0.23659999999999998,1550,-3.16681497326387e-06,1.0048402813206405,0.20284954780361758,4.771226311732482e-06,0.0007985724566562102,-14.634615384615385,1
s005,6,0.1821241935483871,0.141,0.1222202780882229,0.6710783703614919,0.141725,-0.0261,1.0933,1.1194,76,0.04903225806451613,0.097975,0.2397,1550,-1.181576892737848e-05,0.9077692904298793,0.2020793281653747,5.097274060783207e-05,-0.01282528365111632,-14.74757281553398,0
s005,7,0.1672901935483871,0.1325,0.1112759005035042,0.6651629302370833,0.121025,-0.0953,0.9902,1.0855,75,0.04838709677419355,0.09225,0.213275,1550,-8.584348643748841e-06,0.9225091463215631,0.18270381136950903,-6.117782022825286e-05,-0.023830246863580526,-13.684684684684685,0
s005,8,0.16572503225806454,0.13285000000000002,0.10891699008063327,0.6572111128023048,0.1137,-0.0423,0.9323,0.9746,81,0.052258064516129035,0.092175,0.205875,1550,-5.568741225618183e-06,0.9365402913174325,0.1809895348837209,-2.8492556128722904e-05,-0.011946699003300587,-13.339130434782609,1
s007,1,0.16374341935483872,0.11015,0.1456867096643484,0.889720151919445,0.12632500000000002,-0.0275,1.0464,1.0739,76,0.04903225806451613,0.07694999999999999,0.203275,1550,-3.123919847491053e-05,0.8324552432114454,0.20591608527131783,-0.00010057996715673773,-0.04066384037014817,-13.944954128440367,0
s007,2,0.1316787741935484,0.10185,0.10064689752656662,0.7643307268938025,0.08005,-0.0291,0.8859,0.915,70,0.04516129032258064,0.0755,0.15555,1550,-2.5619770349607326e-05,0.8064724144437214,0.15431175710594314,-5.5630296749444984e-05,-0.02621580698429167,-14.443396226415095,0
s007,3,0.1100136129032258,0.095,0.08752230256881345,0.7955516113645951,0.06229999999999998,-0.0386,1.0023,1.0409,40,0.025806451612903226,0.0689,0.13119999999999998,1550,-3.279049399490146e-06,0.9791582848053236,0.13174095607235142,-8.6047697491381e-06,0.02812573750702238,-25.796610169491526,1
s007,4,0.1012858064516129,0.08715,0.07540333554589221,0.7444536775074863,0.05907499999999999,-0.0365,0.8249,0.8613999999999999,56,0.03612903225806452,0.06367500000000001,0.12275,1550,-1.37369808847827e-05,0.8349693750271187,0.1180124677002584,-3.038951232653529e-05,-0.03580076315795543,-19.893333333333334,0
s007,5,0.10205529032258065,0.10075,0.08114421996237815,0.7950927836578873,0.0586,-0.0812,1.3901,1.4712999999999998,36,0.023225806451612905,0.0697,0.1283,1550,1.1975187287849644e-06,0.9806470601882338,0.1342139534883721,2.4867832937615915e-05,0.0014750650204948673,-39.973684210526315,1
s007,6,0.10290812903225806,0.1013,0.07395355437628794,0.7186296791328041,0.065875,-0.0858,0.6253,0.7111,79,0.05096774193548387,0.06845,0.134325,1550,-3.398966954690687e-06,0.9541678834784036,0.1342793927648579,-5.982276496959254e-06,-0.006298626640751259,-19.512820512820515,1
s007,7,0.09843303225806452,0.0962,0.07129011354679615,0.7242425400180178,0.06367500000000001,-0.0594,0.5262,0.5856,83,0.053548387096774196,0.0628,0.126475,1550,6.4380476731829156e-06,1.0554285623661053,0.12586518087855295,-1.112072863576715e-05,0.008860144755526517,-18.49397590361446,1
s007,8,0.09445606451612903,0.0938,0.07331729830649504,0.7761970868147795,0.06075,-0.0765,0.6019,0.6784,68,0.04387096774193548,0.06265,0.1234,1550,5.139514770567733e-06,1.0562367487121564,0.127959173126615,1.4942954810867778e-05,0.007861115814714742,-23.56923076923077,1
s008,1,0.1595714193548387,0.11624999999999999,0.13257397857818837,0.8308075989208741,0.11782499999999999,-0.053,0.8086,0.8616,80,0.05161290322580645,0.08435000000000001,0.202175,1550,-1.0612704521417069e-05,0.9293053928504387,0.19551692506459947,-2.7102017772484204e-05,-0.009645851727165672,-12.697478991596638,0
s008,2,0.13659335483870966,0.1048,0.11888740534383875,0.8703683654000253,0.07100000000000002,-0.0324,0.9981,1.0305,70,0.04516129032258064,0.0805,0.15150000000000002,1550,-1.4782026440775007e-05,0.8834834257138501,0.16557164082687337,-4.7567469186884244e-05,-0.017203714019753832,-15.31,0
s008,3,0.11871032258064515,0.09759999999999999,0.10947161928522021,0.9221666215609041,0.05614999999999999,-0.0902,1.728,1.8182,48,0.03096774193548387,0.0742,0.13035,1550,4.796131189689111e-06,1.0794678574875352,0.148862661498708,-1.5146706779787749e-05,0.06179825802776731,-20.14864864864865,1
s008,4,0.11099348387096773,0.0938,0.0956656938685259,0.861895929708888,0.05487500000000001,-0.1092,0.8088,0.9179999999999999,80,0.05161290322580645,0.070575,0.12545,1550,-3.785182388515412e-06,0.9625233290172761,0.14210452196382428,2.5589454064546987e-05,-0.004923175767101037,-16.736263736263737,1
s008,5,0.10824619354838709,0.09295,0.09674074063399635,0.8937020671187443,0.0533,-0.0763,0.8007,0.877,63,0.04064516129032258,0.068175,0.121475,1550,-2.5833894006252825e-06,0.9753826694018812,0.13913559431524547,3.9665431821873215e-06,-0.0066577894930638926,-19.115384615384617,1
s008,6,0.10761109677419355,0.09505,0.0981738747494119,0.9122940421411339,0.05687500000000001,-0.0792,1.2278,1.307,60,0.03870967741935484,0.067825,0.1247,1550,-9.440343468170183e-06,0.8901556549983823,0.14339651162790698,-1.8760102396733213e-05,-0.0155593899128732,-21.3943661971831,0
s008,7,0.10220012903225807,0.0958,0.07768262445308367,0.7600955604762885,0.051275,-0.1,0.7155,0.8155,81,0.052258064516129035,0.072825,0.1241,1550,1.6187264365818077e-06,1.0079175487257837,0.13186750645994832,7.32952052446105e-06,-0.007563981114171198,-17.91764705882353,1
s008,8,0.09657019354838711,0.089,0.07815019552094889,0.8092495562021985,0.047725000000000004,-0.0533,0.6038,0.6571,83,0.053548387096774196,0.064775,0.1125,1550,4.696109853034885e-06,1.0049831768971484,0.12478953488372092,-1.3033616651585689e-05,-0.0038111128343424894,-18.11904761904762,1
s010,1,0.13674799999999998,0.0993,0.10562355702789888,0.7723899774616187,0.09865000000000002,-0.0038,0.7334,0.7372000000000001,79,0.05096774193548387,0.0686,0.16725,1550,-2.306433329521449e-05,0.8082539477941177,0.1597505167958656,-3.1925831973457206e-05,-0.03991787971692673,-16.010416666666668,0
s010,2,0.12714129032258065,0.0921,0.09579014656518815,0.7534090059424995,0.09047499999999999,-0.0074,0.8448,0.8522,46,0.02967741935483871,0.0671,0.157575,1550,-4.889826210393938e-06,0.9500714986860169,0.14392428940568477,-4.95486964524636e-05,-0.020054152901291852,-21.64788732394366,1
s010,3,0.10962767741935484,0.0847,0.07982248588784552,0.7281168373719059,0.07732499999999999,-0.015,1.1176,1.1325999999999998,44,0.02838709677419355,0.06085,0.138175,1550,-4.387762049217855e-06,0.9450298431603971,0.12101072351421187,-5.070790378006878e-05,0.009610984603702799,-22.07246376811594,1
s010,4,0.11632290322580645,0.09334999999999999,0.07743624906328195,0.665695071398728,0.077575,-0.005,0.9666,0.9716,44,0.02838709677419355,0.0686,0.146175,1550,-1.0337959631791473e-05,0.9051946367739193,0.12402151162790698,-2.260290330314547e-05,-0.01805269443763334,-25.616666666666667,0
s010,5,0.09792683870967742,0.08274999999999999,0.05810489160191903,0.59334395987417,0.06440000000000001,-0.0267,0.5313,0.558,49,0.031612903225806455,0.0623,0.1267,1550,-8.790881978011455e-07,1.0063577013325586,0.10202519379844961,-4.406931372018262e-05,-0.002889101600508391,-16.178947368421053,1
s010,6,0.10192051612903226,0.0876,0.06854331057258425,0.6725107040775244,0.06620000000000001,-0.0177,1.0345,1.0522,26,0.016774193548387096,0.0613,0.1275,1550,1.6748579896022066e-06,1.017359903237222,0.10768746770025839,1.5226533437483226e-05,0.006377683869236775,-33.41304347826087,1
s010,7,0.10537038709677421,0.0898,0.06123962153423719,0.5811788496054823,0.066775,-0.0111,0.5002,0.5113,59,0.03806451612903226,0.066,0.132775,1550,2.9318199843767625e-06,1.0468081833646679,0.11108895348837211,1.1517381922800167e-05,0.006379167206947554,-14.100917431192661,1
s010,8,0.10492509677419354,0.09265000000000001,0.05973932218659009,0.569346654675931,0.06630000000000001,-0.0385,0.5148,0.5533,72,0.04645161290322581,0.06615,0.13245,1550,7.475412194794104e-06,1.0730722988607269,0.11150975452196382,-6.634411180114593e-06,-0.0009351260334724137,-14.037037037037036,1
s011,1,0.16521974193548386,0.12025,0.15941785502439357,0.9648779757122975,0.10060000000000002,-0.0589,1.3792,1.4381,81,0.052258064516129035,0.08222499999999999,0.18282500000000002,1550,-3.484905148965247e-05,0.7721131321994831,0.21222706718346251,-2.5082200962611882e-05,-0.06505496889430054,-13.350877192982455,0
s011,2,0.12326341935483871,0.1136,0.09654251163181421,0.783214751970715,0.07527500000000001,-0.0765,1.0558,1.1323,67,0.043225806451612905,0.0764,0.151675,1550,-5.952592347089556e-06,0.967653263917409,0.15740865633074935,-3.3603859727818576e-05,-0.010800685107401883,-20.84931506849315,1
s011,3,0.10894903225806452,0.1055,0.07865023525403525,0.7218927211305487,0.06875,-0.08,0.5641,0.6441,83,0.053548387096774196,0.06985,0.1386,1550,5.301914865017786e-06,1.0499594103166348,0.14705600775193797,1.7877459055486658e-06,-0.0028313901187045076,-18.573170731707318,1
s011,4,0.10540651612903226,0.1017,0.077858572131232,0.7386434572267424,0.07085000000000001,-0.0979,0.799,0.8969,60,0.03870967741935484,0.065925,0.136775,1550,6.345782292897243e-06,1.017510052139448,0.14048042635658917,1.1309809411115778e-05,-0.019154825717402194,-24.516129032258064,1
s011,5,0.10879651612903227,0.109,0.08237696515326746,0.7571585095340742,0.07042500000000002,-0.1578,0.7137,0.8714999999999999,61,0.03935483870967742,0.071575,0.14200000000000002,1550,-3.4267090359904797e-06,0.944288511316623,0.15704347545219638,2.3828219941583402e-05,-0.009260502938212567,-25.440677966101696,1
s011,6,0.10162806451612905,0.10665,0.07322943445396428,0.7205560220653453,0.07285,-0.0988,0.5005,0.5992999999999999,87,0.056129032258064517,0.06755,0.1404,1550,1.4515042663439587e-06,1.0156346008282795,0.1520516149870801,3.7009159506371494e-05,-0.0023207871319789325,-16.021052631578947,1
s011,7,0.09553025806451611,0.1018,0.07916494235046696,0.8286810406809851,0.083875,-0.1586,0.6612,0.8198,44,0.02838709677419355,0.052625,0.1365,1550,4.638954043940461e-06,1.0719315207642062,0.1561237726098191,-1.594722134141771e-05,-0.004193946126179321,-26.803571428571427,1
s011,8,0.08199187096774194,0.0965,0.07431127452153952,0.9063138495391319,0.088525,-0.153,0.5146,0.6676,61,0.03935483870967742,0.039474999999999996,0.128,1550,-5.18821196783687e-06,0.9203539359267956,0.15917564599483203,3.942457263800331e-06,-0.0048535426963014355,-16.9010989010989,1
s012,1,0.18839929032258063,0.138,0.17222484959741202,0.9141432282430517,0.11467500000000001,-0.0372,1.6049,1.6421,80,0.05161290322580645,0.1077,0.22237500000000002,1550,-5.435171837002135e-05,0.7156386215618359,0.23381983204134363,-0.00018835506299255214,-0.05728786890408363,-14.50943396226415,0
s012,2,0.14738070967741937,0.1244,0.14194631459775015,0.963120287506734,0.07794999999999999,-0.1164,1.3723,1.4887000000000001,59,0.03806451612903226,0.088925,0.166875,1550,2.1363927391249403e-06,1.0009445569194093,0.1926609173126615,-9.172159019136224e-05,-0.001104387483774949,-22.33823529411765,1
s012,3,0.14461877419354838,0.13715,0.11982784905363184,0.8285716785400531,0.078875,-0.1901,0.9657,1.1558,63,0.04064516129032258,0.1003,0.179175,1550,4.911635920388211e-06,1.0219984313128656,0.20105167958656328,1.2172803510155926e-05,-0.0010396111975707334,-24.548387096774192,1
s012,4,0.126856,0.1228,0.10127081845453612,0.7983069003250598,0.06757500000000001,-0.1945,0.9226,1.1171,51,0.032903225806451615,0.0919,0.159475,1550,2.5716983481272805e-06,0.991473337602936,0.1715622093023256,-1.1202055668556294e-05,0.012834429579808418,-30.5,1
s012,5,0.13728122580645163,0.13115,0.10372495050472223,0.7555599415394068,0.07892500000000001,-0.095,1.0239,1.1189,61,0.03935483870967742,0.09515,0.174075,1550,-8.555088626870523e-06,0.9545247965886612,0.17674005167958656,-4.659179227796665e-05,0.0008296401647123613,-25.098360655737704,0
s012,6,0.12874167741935483,0.1291,0.09364345960882076,0.7273692103186185,0.07275000000000002,-0.1579,0.7132,0.8711,61,0.03935483870967742,0.0924,0.16515000000000002,1550,-1.1202056826071759e-05,0.8947344658932865,0.17277777777777775,1.3650693601235269e-05,-0.01934464106123289,-25.016666666666666,0
s012,7,0.12604703225806452,0.12919999999999998,0.09242478323322503,0.7332505044108828,0.07669999999999999,-0.1829,0.83,1.0129,60,0.03870967741935484,0.08665,0.16335,1550,6.086898629705032e-06,1.0252516717486895,0.17250736434108524,-2.3753077444617703e-06,-0.0005913563797882021,-25.17241379310345,1
s012,8,0.11757006451612903,0.12564999999999998,0.09509723828625759,0.8088490027511117,0.0819,-0.1856,0.7824,0.968,44,0.02838709677419355,0.0771,0.159,1550,2.690407645297426e-06,1.0363698898680795,0.17737771317829457,-2.4271547268260503e-05,0.0015920784171224583,-34.93181818181818,1
s013,1,0.13820922580645162,0.0886,0.134148589446063,0.9706126204722616,0.0912,-0.0433,0.8827,0.926,84,0.05419354838709677,0.066575,0.157775,1550,-1.5397160126373266e-05,0.8823867878467673,0.1793202842377261,-7.321499189230287e-05,-0.032145991031475474,-11.694656488549619,0
s013,2,0.11278064516129033,0.08515,0.10182069964895706,0.9028126828912817,0.06269999999999999,-0.0375,0.7989,0.8364,79,0.05096774193548387,0.0639,0.1266,1550,-1.3761194382156028e-05,0.8836030683601634,0.13601950904392765,-1.7391930456840895e-05,-0.010550043531125222,-15.47,0
s013,3,0.10716625806451613,0.0837,0.11317319266902894,1.0560426263859168,0.063975,-0.0496,1.4192,1.4688,44,0.02838709677419355,0.0598,0.123775,1550,-6.488069942333887e-06,0.8892451435179232,0.13263520671834625,-3.372501888358692e-05,-0.040837280590004396,-28.30188679245283,0
s013,4,0.09147490322580645,0.0814,0.0682688938457781,0.7463046708296248,0.05442500000000001,-0.0602,0.6051,0.6653,68,0.04387096774193548,0.058175,0.1126,1550,-1.6307160491718414e-06,0.9581953937718604,0.10736737726098192,2.9449230864417016e-05,-0.009275374069868558,-22.014492753623188,1
s013,5,0.10039664516129031,0.0863,0.09116422792554756,0.9080315357904148,0.0559,-0.0576,1.0835,1.1411,54,0.03483870967741935,0.0607,0.1166,1550,1.1981486535209742e-05,1.1413120564499994,0.12465788113695091,7.650410025186716e-06,0.03504296835817759,-25.220338983050848,1
s013,6,0.10444993548387096,0.08875,0.10336601230576634,0.9896130831851462,0.0579,-0.0971,1.245,1.3421,48,0.03096774193548387,0.0623,0.1202,1550,1.6665395221741514e-05,1.2348666358145823,0.13122448320413438,3.793716985947519e-05,-0.0005847780155609633,-31.319148936170212,1
s013,7,0.09832600000000001,0.087,0.08042706606769928,0.8179550486407525,0.051750000000000004,-0.0734,0.9176,0.991,60,0.03870967741935484,0.0628,0.11455,1550,9.767643473491306e-06,1.1185058328056072,0.12024857881136951,3.655749504386417e-05,0.0005646012891824814,-21.013698630136986,1
s013,8,0.09907812903225807,0.0917,0.07774796331145996,0.7847057606465925,0.047075000000000006,-0.0518,0.9257,0.9774999999999999,65,0.041935483870967745,0.0692,0.116275,1550,-1.4366813136466855e-06,0.9671834452427485,0.12378947028423773,4.148176219312712e-06,-0.01999927306377733,-22.44776119402985,1
s015,1,0.15188232258064516,0.0974,0.1555419518052278,1.024088419731798,0.117,-0.0462,1.539,1.5852,71,0.045806451612903226,0.07102499999999999,0.188025,1550,-1.4697856824323616e-05,0.8621767999924224,0.19431524547803614,-5.112180622475186e-05,-0.0002920811971908466,-15.822916666666666,0
s015,2,0.13267193548387096,0.0871,0.1384926471302976,1.0438651004833923,0.09290000000000002,-0.0457,1.377,1.4227,68,0.04387096774193548,0.0642,0.15710000000000002,1550,-6.503753611713085e-06,0.9184638120249177,0.16948055555555558,-2.6488838704510377e-07,0.028077105751163373,-15.5,1
s015,3,0.11884890322580645,0.0835,0.11887594827988648,1.0002191424088125,0.07527500000000001,-0.0491,1.2434,1.2925,64,0.04129032258064516,0.0613,0.136575,1550,2.197896859250149e-05,1.220718812209302,0.14901937984496125,5.635338473793711e-05,0.04303385834517358,-17.45977011494253,1
s015,4,0.11628974193548387,0.0842,0.11465171593020253,0.9859057911403588,0.08084999999999999,-0.051,1.4169,1.4679,57,0.036774193548387096,0.06135,0.1422,1550,1.267280202553606e-05,1.15469850743613,0.1436512919896641,7.5416715003494075e-06,0.03434776098555503,-19.513157894736842,1
s015,5,0.11085903225806452,0.0821,0.12266154180415781,1.106454141368291,0.06365,-0.1003,1.3659,1.4662,65,0.041935483870967745,0.060225,0.123875,1550,2.787192996582371e-07,1.0595125138172752,0.14397299741602068,-6.844012549529088e-06,0.0036309142183021947,-20.904109589041095,1
s015,6,0.10443974193548386,0.08215,0.11113825778353378,1.0641274250252566,0.06559999999999999,-0.1006,1.0006,1.1012,56,0.03612903225806452,0.0568,0.1224,1550,7.457310237006045e-06,1.0091035491821987,0.137746511627907,-5.152043423226938e-05,-0.011566773394457011,-24.29032258064516,1
s015,7,0.10232083870967741,0.0813,0.11278260348838888,1.1022339405802928,0.06134999999999999,-0.0792,1.0799,1.1591,56,0.03612903225806452,0.054175,0.11552499999999999,1550,-1.8540254637278015e-06,0.9948043958788598,0.1392018087855297,4.937796820339079e-05,0.01150162523756515,-24.45762711864407,1
s015,8,0.10251148387096774,0.0807,0.11076000260833388,1.0804537986587788,0.056174999999999996,-0.0921,1.1061,1.1982000000000002,51,0.032903225806451615,0.0589,0.115075,1550,8.106857122118374e-06,1.0990471750968256,0.13329709302325582,4.005373250529125e-05,0.028171522700736612,-25.07017543859649,1
s016,1,0.31247600000000003,0.2394,0.2788399118782282,0.8923533952202185,0.2865,0.0391,2.7149,2.6758,97,0.06258064516129032,0.1003,0.3868,1550,4.478953708805641e-06,0.9780281133975612,0.44762622739018093,-0.00012986300183293246,0.002345485031983452,-11.325925925925926,1
s016,2,0.28200600000000003,0.22335,0.2361443321554877,0.8373704629866907,0.22745,0.033,2.3042,2.2712,91,0.05870967741935484,0.1106,0.33805,1550,-2.9980358596772357e-05,0.8708580383278467,0.37452965116279074,-0.00012626177936236622,-0.07718723850252707,-12.206349206349206,2
s016,3,0.3188930967741936,0.24530000000000002,0.287621452244187,0.9019340751479935,0.306075,0.0351,2.0394,2.0043,83,0.053548387096774196,0.0903,0.396375,1550,-3.760756773300126e-05,0.8434351059418781,0.47337771317829463,-7.136958724217129e-05,-0.07228820229799893,-13.269565217391305,2
s016,4,0.3077145161290322,0.1997,0.3095815106000535,1.00606402463709,0.2608,0.0275,2.6547,2.6272,77,0.04967741935483871,0.10045,0.36124999999999996,1550,-9.231776283912035e-06,0.9784233082447704,0.44750025839793284,0.00012535122182607511,-0.012087400237556556,-11.325581395348838,2
s016,5,0.2759364516129032,0.199,0.25477743495373073,0.9233158944699663,0.20989999999999998,0.0362,3.1315,3.0953,98,0.06322580645161291,0.10885,0.31875,1550,-2.193026108338876e-05,0.8721765934725688,0.3734293281653747,2.334007470939881e-05,-0.059362557059274984,-11.992125984251969,2
s016,6,0.26415425806451615,0.19245,0.2395466425144243,0.906840334239792,0.19120000000000004,0.0491,2.8339,2.7847999999999997,93,0.06,0.11595,0.30715000000000003,1550,-4.890780136473203e-05,0.80515162826526,0.3360565891472868,-4.4560248309499935e-05,-0.12817944944530896,-12.34959349593496,2
s016,7,0.19759987096774195,0.1165,0.20181972316413446,1.0213503724742248,0.122275,-0.0211,1.8566,1.8777,116,0.07483870967741936,0.085875,0.20815,1550,-2.6607631255567974e-05,0.8834956396437603,0.2566337855297158,-1.53016707785195e-05,-0.006018243782334509,-9.700636942675159,1
s016,8,0.20681322580645164,0.1264,0.1946168357582712,0.9410224804380941,0.14682500000000004,-0.0211,1.7689,1.7899999999999998,108,0.0696774193548387,0.0924,0.23922500000000002,1550,-1.5849134185803324e-06,0.9615146891950633,0.2653253875968992,-0.00015841318577066978,-0.022175388280472136,-10.565517241379311,1
s017,1,0.1411774193548387,0.08360000000000001,0.14762017697931668,1.0456284866618828,0.11455,-0.0559,1.3572,1.4131,60,0.03870967741935484,0.057825,0.172375,1550,-2.753644348467317e-05,0.8251880573327296,0.1837733850129199,5.187224641212637e-07,-0.05593595553643184,-13.787037037037036,0
s017,2,0.13067664516129032,0.08515,0.11816221926234764,0.9042267261282878,0.1101,-0.0771,1.1541,1.2311999999999999,71,0.045806451612903226,0.05825,0.16835,1550,-1.3394881934024856e-05,0.8811058513465793,0.16557118863049095,-4.101938886783548e-05,-0.027084632554108617,-11.8984375,0
s017,3,0.121882,0.0822,0.09643361028256192,0.791198200590418,0.1007,-0.0071,0.6904,0.6975,102,0.06580645161290323,0.0576,0.1583,1550,-1.4734872636447948e-05,0.8857302554695375,0.1468830749354005,1.840967716155813e-05,-0.02137272929211699,-11.518796992481203,0
s017,4,0.1128090322580645,0.0769,0.09280278017786371,0.8226465175151075,0.08725000000000002,-0.0269,0.8412,0.8681,96,0.06193548387096774,0.057,0.14425000000000002,1550,-3.852400623334807e-06,0.9730959465405651,0.13392764857881137,-4.4787240624589105e-05,0.004219068918256685,-12.28225806451613,1
s017,5,0.1193870322580645,0.08449999999999999,0.09169803884823198,0.7680672602930676,0.09692499999999998,-0.0369,0.6448,0.6817000000000001,103,0.0664516129032258,0.0594,0.156325,1550,-4.685121778238691e-06,0.9373772360137531,0.14093798449612402,9.651072561954835e-06,-0.013775820363283994,-12.357723577235772,1
s017,6,0.11290780645161291,0.0812,0.08264059236719717,0.7319233544693683,0.0876,-0.0652,0.8707,0.9359000000000001,78,0.05032258064516129,0.059825,0.147425,1550,-3.1017652868950413e-06,0.9509518385125008,0.12942170542635661,7.254481146059806e-06,-0.0017540870362206529,-13.589285714285714,1
s017,7,0.10919412903225807,0.0763,0.08613861288671804,0.7888503237289206,0.08480000000000001,-0.062,0.7946,0.8566,95,0.06129032258064516,0.0573,0.1421,1550,7.460995915422429e-06,1.0621036538774893,0.12860406976744185,-1.733908734915679e-05,0.02418417158352036,-12.77310924369748,1
s017,8,0.1095898064516129,0.07865,0.08370342459923584,0.7637814458112689,0.084125,-0.0404,0.5897,0.6301,105,0.06774193548387097,0.0565,0.140625,1550,1.290298734507259e-06,1.0085834311928328,0.12893055555555555,1.4291356344240813e-05,0.0022290836637689354,-13.451327433628318,1
s018,1,0.1684647741935484,0.1118,0.16402215050387783,0.9736229883432266,0.14279999999999998,-0.0848,1.453,1.5378,75,0.04838709677419355,0.0747,0.2175,1550,-3.593412971646504e-05,0.8120370637876945,0.21224754521963826,-0.00013762550689218713,-0.027967806362881598,-13.846846846846846,0
s018,2,0.1413783870967742,0.1056,0.1406425901766321,0.9947885124184493,0.0993,-0.1183,1.4955,1.6138000000000001,54,0.03483870967741935,0.07,0.1693,1550,-1.7009452617139805e-05,0.8588524359004318,0.17605852713178294,-9.251488129764368e-06,-0.0576779261502144,-20.383561643835616,0
s018,3,0.14093006451612902,0.10894999999999999,0.13724912094199612,0.9738741519708629,0.09367499999999997,-0.1268,1.292,1.4188,56,0.03612903225806452,0.0724,0.16607499999999997,1550,-7.51248794450842e-06,0.9394807866599049,0.1745437984496124,3.495995648396652e-05,-0.03522577711454332,-20.058823529411764,0
s018,4,0.14641309677419354,0.11085,0.16203211291460493,1.1066701669067986,0.10262499999999998,-0.1215,2.9113,3.0328000000000004,45,0.02903225806451613,0.0729,0.175525,1550,2.0345208616044672e-05,1.226148228947095,0.18353972868217056,6.400483883857563e-05,0.04433910904105269,-25.22222222222222,1
s018,5,0.12383341935483871,0.10595,0.10792314723428507,0.871511715374051,0.07835,-0.1627,1.0492,1.2119,62,0.04,0.07114999999999999,0.1495,1550,8.799913863882788e-06,1.1246139931517392,0.15057396640826873,3.5739365253684514e-05,0.035313783471409566,-20.80821917808219,1
s018,6,0.1322398064516129,0.1084,0.1331264624428336,1.0066972972638726,0.088025,-0.1141,1.6783,1.7924,44,0.02838709677419355,0.0692,0.157225,1550,-1.1372787923284574e-05,0.8812602058942125,0.1690171834625323,1.75822538108754e-05,-0.03395517139830451,-26.563636363636363,0
s018,7,0.13178832258064518,0.10885,0.129461686544679,0.9823382047165327,0.085575,-0.1394,1.2384,1.3778,55,0.035483870967741936,0.0705,0.156075,1550,4.0790360907672396e-06,0.9917013141898262,0.17002383720930234,-3.386402012874347e-05,0.014485240260418447,-25.75862068965517,1
s018,8,0.12375690322580644,0.1031,0.112539884374057,0.9093551315968788,0.0825,-0.1201,0.7157,0.8358,83,0.053548387096774196,0.0679,0.1504,1550,1.721599416865256e-05,1.2196650979641583,0.16605148578811368,-3.60353438875182e-05,0.0352954277761626,-19.225,1
s019,1,0.23308109677419356,0.145,0.2124024581537719,0.9112774472744863,0.24027500000000002,0.0085,1.6011,1.5926,82,0.05290322580645161,0.0776,0.317875,1550,-8.036540162233484e-05,0.6833651761748281,0.3218814599483204,-0.0001852509983165892,-0.09000098074454557,-12.086614173228346,2
s019,2,0.20479490322580646,0.1238,0.20417896803276805,0.9969875608675718,0.18617500000000003,-0.0055,2.5294,2.5349,59,0.03806451612903226,0.0813,0.267475,1550,-3.81228399155186e-05,0.8030674400325992,0.26786124031007746,-6.823786874553721e-05,-0.0649521470622382,-16.86813186813187,1
s019,3,0.19110380645161293,0.1254,0.1621290841503967,0.8483778464852333,0.18017499999999997,0.0099,1.7158,1.7059,57,0.036774193548387096,0.0806,0.260775,1550,-3.036783030314848e-05,0.8285411453025306,0.23838423772609818,-0.0001216662851279831,-0.05697259475119712,-14.466666666666667,1
s019,4,0.18350432258064514,0.1242,0.15760734427180756,0.8588706968025073,0.18434999999999999,-0.0279,1.9195,1.9474,55,0.035483870967741936,0.0763,0.26065,1550,-2.5624331406858164e-05,0.8416477119330823,0.23134883720930235,-8.145796500671563e-05,-0.024006038739983804,-18.9875,0
s019,5,0.18016832258064516,0.1254,0.15073340100052895,0.8366207900518665,0.178475,-0.0353,1.3518,1.3870999999999998,40,0.025806451612903226,0.0805,0.258975,1550,-3.5780583628587095e-05,0.8220090069892574,0.21633921188630492,-0.00010067359107818204,-0.07252738789213838,-17.363636363636363,0
s019,6,0.1688108387096774,0.123,0.15760456092530398,0.9336108304367936,0.16949999999999998,-0.0301,2.1694,2.1995,23,0.014838709677419355,0.07375,0.24325,1550,-2.416740472209111e-05,0.8142235891509624,0.20828611111111112,-0.00010345542571209802,-0.08416460147612802,-33.02173913043478,0
s019,7,0.16787612903225807,0.11424999999999999,0.14276102164507173,0.8503899397614776,0.16425,-0.1087,1.7525,1.8612,36,0.023225806451612905,0.07375,0.238,1550,-1.0207343861268965e-05,0.9263936294454096,0.2109389534883721,-0.00010525342933671598,0.015330958229335057,-19.805194805194805,0
s019,8,0.15838825806451612,0.1187,0.11524254530868244,0.727590663135382,0.161175,-0.0319,1.0206,1.0525,66,0.04258064516129032,0.0702,0.231375,1550,-9.975396988853392e-07,0.9750784913167915,0.19356356589147286,-6.135220918631742e-05,0.015324204849396603,-11.631578947368421,1
s020,1,0.1323532258064516,0.10355,0.15531790084163588,1.1735016384649875,0.065175,-0.0908,1.75,1.8408,63,0.04064516129032258,0.07152499999999999,0.1367,1550,-5.6340301950916215e-05,0.6378181254320896,0.18841970284237725,-0.0001571295942542339,-0.08854810336420561,-20.27777777777778,2
s020,2,0.16863509677419355,0.1172,0.19057114839469932,1.1300732882229667,0.107875,-0.0982,1.4053,1.5035,83,0.053548387096774196,0.077625,0.1855,1550,-9.746306110375479e-05,0.4865838172360029,0.24371757105943154,-3.8657481380654745e-05,-0.12217706517552179,-14.69,2
s020,3,0.19696935483870967,0.1267,0.19632639655292083,0.9967306842376552,0.16390000000000005,-0.1003,1.9954,2.0957,69,0.044516129032258066,0.0919,0.2558,1550,4.277325122313168e-05,1.2221862071335317,0.25792351421188625,5.9409071340000246e-05,-0.06024752816374501,-16.147368421052633,1
s020,4,0.1353947741935484,0.1111,0.14225655430825918,1.0506720402137757,0.08242500000000001,-0.0857,1.9892,2.0749,51,0.032903225806451615,0.07525,0.157675,1550,-5.248646137531863e-07,0.9581756704501644,0.18773804909560726,-3.941338427390366e-05,-0.06963894645019858,-25.140350877192983,1
s020,5,0.11038032258064517,0.09035,0.12374488671049287,1.1210672586395602,0.06992499999999999,-0.0734,1.0885,1.1619,59,0.03806451612903226,0.05665,0.126575,1550,-4.818103778472925e-05,0.6212495388158721,0.16382732558139534,-0.00011635483613171342,-0.09918040039443608,-23.870967741935484,2
s020,6,0.13262354838709678,0.1119,0.12714027105088624,0.9586480979358109,0.07745,-0.0873,1.426,1.5132999999999999,49,0.031612903225806455,0.07875,0.1562,1550,-1.4190774017844198e-05,0.9024132809496364,0.1710436046511628,0.00013292686573705283,-0.07678900375874126,-27.72222222222222,0
s020,7,0.12143812903225808,0.1048,0.10256611594345028,0.8445886985586455,0.07347499999999998,-0.0526,1.4999,1.5525,50,0.03225806451612903,0.075825,0.1493,1550,-1.6683961212484264e-05,0.8595644309025502,0.15088688630490957,-6.185763193375673e-05,-0.08055682838755292,-24.322033898305083,0
s020,8,0.1476716129032258,0.12775,0.1250253021900812,0.8466383829208328,0.08642499999999999,-0.071,1.7679,1.8389,52,0.03354838709677419,0.0916,0.178025,1550,-4.199557404401062e-05,0.7594089197826194,0.18316589147286821,-9.357427759001603e-05,-0.0731405401020204,-22.338709677419356,0
s021,1,0.17590535483870967,0.1331,0.13612672285246386,0.7738590398128585,0.1521,-0.0063,1.4261,1.4324,73,0.04709677419354839,0.0813,0.2334,1550,-2.72626961047777e-05,0.8152071041377743,0.21418068475452198,-0.0001042625527515898,-0.055835170379083074,-16.494505494505493,0
s021,2,0.15871909677419355,0.1129,0.13299568820256732,0.8379259520725747,0.1209,-0.0037,1.2862,1.2899,50,0.03225806451612903,0.081,0.2019,1550,-1.7925831179896806e-05,0.8971152367226395,0.18369457364341085,-8.902259327718541e-05,-0.04827909559401282,-23.03030303030303,0
s021,3,0.15608696774193548,0.1226,0.12025961378442725,0.7704605007303046,0.116875,0.0014,1.5942,1.5928,35,0.02258064516129032,0.0869,0.203775,1550,-2.2313150625459603e-05,0.853308792056319,0.17182293281653746,-0.0001039956767542401,-0.06325554898412189,-31.387755102040817,0
s021,4,0.140798,0.1086,0.10721451937000855,0.7614721650722558,0.10495000000000002,0.0072,1.2562,1.2489999999999999,28,0.01806451612903226,0.0797,0.18465,1550,-6.748039732660491e-07,0.9596230002901185,0.15524851421188632,8.663939180671449e-06,-0.05116201359843525,-43.68571428571428,1
s021,5,0.13515193548387097,0.1043,0.10286690257143451,0.7611148230199598,0.09065000000000001,-0.0417,1.5779,1.6196000000000002,37,0.023870967741935485,0.078425,0.169075,1550,-2.190202467809418e-05,0.8242089524921573,0.1451813953488372,5.3536992495545205e-06,-0.06164061200516678,-29.41176470588235,0
s021,6,0.14362193548387098,0.1106,0.12390875580037046,0.8627365495832353,0.087225,-0.0156,1.4696,1.4852,36,0.023225806451612905,0.08535000000000001,0.172575,1550,-1.9199897139361756e-05,0.8474109885579744,0.15705516795865632,-3.031697099532596e-05,-0.06603582238487349,-36.523809523809526,0
s021,7,0.1278925806451613,0.1019,0.08859045104254135,0.6926888010769997,0.08845000000000001,-0.0164,1.1702,1.1865999999999999,33,0.02129032258064516,0.076,0.16445,1550,-1.423836478653696e-05,0.9038891541914276,0.13418404392764857,-6.894893826549803e-07,-0.03498068215401526,-24.93548387096774,0
s021,8,0.12774993548387095,0.09570000000000001,0.09256142251880918,0.724545946910075,0.08925000000000001,-0.042,0.9838,1.0258,53,0.034193548387096775,0.074725,0.163975,1550,3.3081685952566866e-06,1.0092276866598155,0.13855394056847545,1.522163272776968e-05,0.011986341945300433,-15.785714285714286,1
s022,1,0.38813335483870964,0.22870000000000001,0.430094382414173,1.108106966189324,0.479675,0.0246,4.0252,4.0005999999999995,64,0.04129032258064516,0.0602,0.539875,1550,-7.69077557670494e-05,0.7584458470274447,0.6580334625322998,-0.00030598717462870887,-0.11853243128656027,-14.74757281553398,2
s022,2,0.36535593548387096,0.28435,0.3895839117533322,1.0663104321185954,0.44392499999999996,0.0135,3.3122,3.2986999999999997,77,0.04967741935483871,0.0528,0.49672499999999997,1550,-6.492317535656312e-05,0.8061359094476713,0.6258308139534884,-0.00016146725598925585,-0.07008602558481913,-17.235955056179776,2
s022,3,0.29962412903225805,0.2535,0.28065549468201967,0.9366887736969617,0.36484999999999995,0.0116,1.783,1.7713999999999999,91,0.05870967741935484,0.0578,0.42264999999999997,1550,-9.076702109734689e-05,0.7017518498758455,0.4868317829457364,-0.0002059097764131752,-0.11402734466018552,-14.801980198019802,2
s022,4,0.31130283870967745,0.26644999999999996,0.31250122446986917,1.0038463571960912,0.36567500000000003,0.0116,3.8287,3.8171,63,0.04064516129032258,0.0602,0.425875,1550,-7.658345393020806e-05,0.7102290568659225,0.5038666666666667,-9.310239931116819e-05,-0.21935246041243164,-19.513513513513512,2
s022,5,0.30252941935483874,0.2745,0.29526214441001125,0.9759750607547915,0.34832500000000005,0.0235,2.8567,2.8332,55,0.035483870967741936,0.0647,0.41302500000000003,1550,-6.991635346791932e-05,0.7269582104979352,0.4765808139534884,-0.00017041790344493311,-0.18053499516952307,-21.8135593220339,2
s022,6,0.26667,0.25034999999999996,0.2464284848624706,0.9240918017424865,0.299975,0.0291,2.5733,2.5442,57,0.036774193548387096,0.0597,0.359675,1550,-4.8467130213568466e-05,0.8139330027158321,0.41402383720930236,-9.486072291268698e-05,-0.062083815891914945,-25.087719298245613,2
s022,7,0.21086083870967742,0.2057,0.16546677220851022,0.7847165386636467,0.2548,-0.0111,1.4358,1.4469,34,0.02193548387096774,0.0557,0.3105,1550,-2.166416525244702e-05,0.8970646844542173,0.30999806201550384,-7.416916858080489e-05,-0.031898172526918844,-43.94285714285714,2
s022,8,0.22334354838709677,0.2166,0.18378447642416845,0.8228742440833455,0.256,-0.0042,1.5596,1.5638,33,0.02129032258064516,0.0576,0.3136,1550,-3.0072294481435814e-05,0.8637408401932116,0.3318086563307493,-7.041071865904646e-05,-0.03070325936679205,-44.59375,2
s024,1,0.20486529032258063,0.11524999999999999,0.2222578906797953,1.0848924453595075,0.1921,0.003,1.5915,1.5885,94,0.06064516129032258,0.057874999999999996,0.249975,1550,-2.9188831967423487e-05,0.8294202096750688,0.3047239664082687,-0.0001651125642235302,-0.0252953433791841,-10.870503597122303,2
s024,2,0.18530303225806452,0.1055,0.20126076283101368,1.0861110812242172,0.17517500000000003,0.0021,2.3007,2.2986,76,0.04903225806451613,0.0581,0.233275,1550,-5.130316461210572e-05,0.7207066344648724,0.2687167958656331,-8.150809094026107e-05,-0.11536555818265998,-13.571428571428571,2
s024,3,0.18811619354838707,0.11225,0.19904367422112768,1.0580833706193375,0.17777500000000002,-0.015,1.8957,1.9106999999999998,66,0.04258064516129032,0.061,0.23877500000000002,1550,-4.692138681565566e-05,0.7485048271466765,0.269722480620155,-1.217717058130478e-05,-0.09744765918904819,-15.07843137254902,0
s024,4,0.170470064516129,0.10395,0.17834986010827425,1.0462177884235586,0.161775,-0.0045,2.0146,2.0191000000000003,53,0.034193548387096775,0.0589,0.220675,1550,-1.0037000586042988e-05,0.8991664362741321,0.23953720930232555,-8.414093471821573e-05,0.003891110159708666,-16.58695652173913,1
s024,5,0.1628238064516129,0.10015,0.14710588341898045,0.9034611287113449,0.158425,-0.0016,1.258,1.2596,98,0.06322580645161291,0.0597,0.218125,1550,-1.2703118200753988e-05,0.8848493054240941,0.2206184754521964,-6.375067220413357e-05,-0.027531256196770992,-11.522388059701493,0
s024,6,0.16576554838709678,0.1045,0.16034955541804222,0.9673215553936441,0.158675,-0.0066,1.5482,1.5548,78,0.05032258064516129,0.0586,0.217275,1550,-1.61044312609495e-05,0.8890475528934475,0.2292877260981912,-5.570497005694733e-05,-0.010386095119802957,-13.75,0
s024,7,0.1650801935483871,0.10495,0.15005533547487962,0.908978983307973,0.15150000000000002,-0.01,1.1149,1.1249,92,0.05935483870967742,0.0626,0.2141,1550,-1.4880186811933708e-05,0.8803946975990964,0.22249573643410853,-2.408912537412694e-05,-0.034726085722331795,-11.365671641791044,0
s024,8,0.15707677419354837,0.0955,0.14598828270230582,0.929401269223625,0.15042500000000003,0.0011,1.3149,1.3137999999999999,88,0.0567741935483871,0.057874999999999996,0.2083,1550,-2.8523983273384193e-06,0.9751313874849734,0.2130671188630491,-3.680525285960713e-05,-0.014263390212226862,-11.992248062015504,1
s025,1,0.20238696774193546,0.09684999999999999,0.22178074240368117,1.0958198003473874,0.15582500000000002,-0.0211,1.6312,1.6522999999999999,79,0.05096774193548387,0.0721,0.22792500000000002,1550,-2.1232602520367657e-05,0.8931115508005327,0.28231543927648584,-0.00014504257507675841,-0.040932379096696864,-11.392592592592592,2
s025,2,0.18466774193548388,0.0916,0.2099259834954074,1.13677052919301,0.11417499999999998,-0.0069,1.7909,1.7977999999999998,64,0.04129032258064516,0.0689,0.183075,1550,-8.376625580549742e-06,0.8965772134509259,0.2533590439276486,-6.323428795343148e-05,-0.025541110892793067,-11.352941176470589,2
s025,3,0.17920296774193548,0.0954,0.19240259036273208,1.073651397271535,0.102175,-0.003,1.3017,1.3047,109,0.0703225806451613,0.0702,0.172375,1550,-1.6949883192190595e-05,0.881208800135842,0.24200975452196383,-5.6126835832669845e-05,-0.007427977891737658,-8.224598930481283,2
s025,4,0.18229174193548386,0.0954,0.20517393023465091,1.125518921138753,0.1005,-0.0013,1.4945,1.4958,69,0.044516129032258066,0.0726,0.1731,1550,1.4682646855252263e-05,1.0407845319818168,0.2443125322997416,-5.26279688478822e-05,0.014416453614550323,-11.651515151515152,1
s025,5,0.17648825806451612,0.0947,0.18619961745273889,1.055019549034951,0.09724999999999999,-0.0628,1.5866,1.6494,77,0.04967741935483871,0.0737,0.17095,1550,-1.3914167679355482e-05,0.8782631345326037,0.23240910852713179,-5.823494791223588e-05,-0.02326705285535366,-9.727848101265822,0
s025,6,0.17898174193548386,0.09090000000000001,0.19841419767959304,1.108566085947624,0.09515000000000001,0.0049,1.2569,1.252,85,0.054838709677419356,0.069775,0.16492500000000002,1550,-1.3852127923412549e-05,0.8645055838464552,0.24409347545219642,-4.5099230993315414e-05,-0.02655395166859678,-10.315436241610739,2
s025,7,0.1749901935483871,0.0984,0.18446248303047694,1.0541243778617404,0.09625,-0.005,2.1738,2.1788,87,0.056129032258064517,0.0763,0.17255,1550,-5.792317459123167e-06,0.9532627829901853,0.22767655038759688,1.796565120661621e-05,-0.007056307196645489,-9.672955974842766,1
s025,8,0.1697445161290323,0.09759999999999999,0.17473817251660637,1.0294125965823975,0.09315000000000001,-0.0201,1.8787,1.8988,81,0.052258064516129035,0.07615,0.1693,1550,2.122037364078523e-05,1.144785468658046,0.21910355297157624,-0.00015574784933346722,0.0497354188147463,-10.755244755244755,1
s026,1,0.13379606451612902,0.09534999999999999,0.10682348468986659,0.7983993152330273,0.07915000000000001,-0.0351,0.8464,0.8815000000000001,69,0.044516129032258066,0.076,0.15515,1550,-1.7983986593314505e-05,0.8417442889327148,0.15167784237726098,-6.824686326220748e-05,-0.025782582020435776,-15.019417475728156,0
s026,2,0.14782967741935485,0.1056,0.12731566438058647,0.8612262799785937,0.09552500000000001,-0.0219,1.2909,1.3128,59,0.03806451612903226,0.0787,0.17422500000000002,1550,-2.581682532740206e-05,0.7848048593995123,0.17150432816537467,-4.256904174497236e-05,-0.04960743686560548,-18.08433734939759,0
s026,3,0.16774045161290324,0.11649999999999999,0.1464798404574541,0.8732477217109428,0.11782500000000001,0.009,1.9228,1.9138000000000002,63,0.04064516129032258,0.0842,0.202025,1550,-1.9419735490742767e-05,0.9048748966627341,0.19687906976744185,-1.0398823932787377e-05,-0.06918777988743896,-18.139240506329113,0
s026,4,0.1350736129032258,0.09745000000000001,0.10501853750576684,0.77748538565872,0.08195,-0.0277,1.043,1.0707,65,0.041935483870967745,0.07985,0.1618,1550,-1.5346487727718013e-05,0.8757540206506819,0.15462609819121448,-4.068478459821121e-05,0.0023631497002200436,-14.721153846153847,0
s026,5,0.14235987096774194,0.09620000000000001,0.13542781575431007,0.9512994324472568,0.085875,-0.0303,1.6732,1.7035,46,0.02967741935483871,0.0781,0.163975,1550,-5.4991507834402256e-06,0.9562994383211599,0.16668966408268734,-0.00015019926373345912,0.0073861224613215315,-28.25925925925926,1
s026,6,0.13304451612903226,0.09935,0.10153540888293075,0.763162952327218,0.080775,-0.0319,1.2276,1.2595,54,0.03483870967741935,0.0813,0.162075,1550,-2.1169453435642346e-05,0.816746150780728,0.14682409560723514,-5.705003570480256e-05,-0.02017070245521474,-18.083333333333332,0
s026,7,0.12458393548387096,0.09415000000000001,0.08619255835700011,0.6918377251811378,0.07475000000000001,-0.0248,0.8863,0.9111,85,0.054838709677419356,0.0774,0.15215,1550,-1.203405180162561e-06,0.9651277415658568,0.13706505167958655,-5.371191509217517e-05,-0.004590273185372917,-14.054545454545455,1
s026,8,0.13773090322580644,0.10575000000000001,0.10109934567841444,0.7340299764293952,0.0893,-0.0179,1.7333,1.7512,45,0.02903225806451613,0.0845,0.1738,1550,-2.2008224742438493e-05,0.8005132529269738,0.14950245478036175,-1.1008368071399084e-05,-0.06619386541742028,-17.802325581395348,0
s027,1,0.20767212903225807,0.1241,0.20033192697407132,0.9646502073118645,0.19495,-0.0866,1.7228,1.8094000000000001,77,0.04967741935483871,0.0911,0.28605,1550,-2.4390284261673786e-05,0.8629198762310076,0.2731034237726098,-0.00011787311260804884,-0.035122407495698255,-12.841666666666667,2
s027,2,0.19235619354838707,0.12065000000000001,0.19512352229283517,1.0143812076554977,0.12100000000000001,-0.0667,1.2778,1.3445,110,0.07096774193548387,0.0921,0.2131,1550,-1.961207747271862e-05,0.8699655170090095,0.2562107881136951,-4.6234202880616805e-05,-0.0265161521544251,-11.425373134328359,1
s027,3,0.1855861935483871,0.12265000000000001,0.17152107754337353,0.9242075073388822,0.143775,-0.0615,1.6541,1.7155999999999998,82,0.05290322580645161,0.091325,0.2351,1550,-4.4790446463748536e-05,0.7284492455911851,0.24021117571059433,-9.42670977022606e-05,-0.10094249261167018,-13.412280701754385,0
s027,4,0.1584763870967742,0.1146,0.1447753640951471,0.9135395702021516,0.10565000000000001,-0.0539,0.991,1.0449,91,0.05870967741935484,0.0805,0.18615,1550,-5.087519072378757e-06,0.9452674582876942,0.21050232558139537,-6.27220568028607e-05,-0.018944232253264054,-13.651785714285714,1
s027,5,0.1577189677419355,0.10815,0.14556621254182975,0.9229409226104334,0.10605,-0.0556,1.2094,1.2650000000000001,81,0.052258064516129035,0.0816,0.18765,1550,-1.7726785532950918e-05,0.8304492122741011,0.20494011627906977,-3.7724304787537e-05,-0.06310729373714022,-14.157407407407407,0
s027,6,0.15730903225806453,0.1121,0.157961175412736,1.0041392347666884,0.08745,-0.0599,1.5258,1.5857,70,0.04516129032258064,0.080625,0.168075,1550,-4.158663469082167e-05,0.7337693186858498,0.21097131782945738,-0.00013904624094167862,-0.08341694152897905,-15.5,0
s027,7,0.1469849677419355,0.11660000000000001,0.1284737175073573,0.8740543024686526,0.09325,-0.072,1.1653,1.2373,68,0.04387096774193548,0.082125,0.175375,1550,-1.3011856082273641e-05,0.868650976093939,0.1909348837209302,-2.1436694225102754e-05,-0.0346114895193332,-18.40963855421687,0
s027,8,0.14474883870967742,0.1041,0.1517290440074859,1.0482156343663123,0.097575,-0.0615,2.63,2.6915,49,0.031612903225806455,0.07405,0.171625,1550,-8.825695567071452e-06,0.9279980199503114,0.18870206718346255,-9.91801713314929e-05,0.054854405266781064,-19.58974358974359,1
s028,1,0.15783174193548385,0.07835,0.15432487274347012,0.9777747687267093,0.150475,-0.014,1.2535,1.2675,101,0.06516129032258064,0.055850000000000004,0.206325,1550,-2.766236301612238e-05,0.8009961009225685,0.22038656330749357,-5.887135443654713e-05,-0.057092763725601375,-8.095744680851064,0
s028,2,0.1526829677419355,0.07135,0.15473922840274337,1.0134608806098206,0.150775,-0.0161,1.2706,1.2867,79,0.05096774193548387,0.056,0.206775,1550,2.935735101309687e-06,0.9846099029718777,0.21398229974160207,-5.24160524667249e-05,0.0077580629707380555,-7.932291666666667,1
s028,3,0.14694703225806452,0.0724,0.14097684221027088,0.9593652942741876,0.14497500000000002,-0.014,0.8273,0.8413,90,0.05806451612903226,0.0565,0.20147500000000002,1550,1.8350019977182603e-05,1.1313109757592532,0.2024717054263566,-3.0340296414309728e-05,0.012794632341574907,-7.865979381443299,1
s028,4,0.14094490322580647,0.0744,0.12891185098987523,0.9146193542308801,0.14235000000000003,-0.0219,1.0775,1.0994,85,0.054838709677419356,0.0576,0.19995000000000002,1550,1.0966233989503584e-05,1.0318014502599722,0.19018804909560727,-3.545413157413061e-05,-0.016558129346688794,-7.9689119170984455,1
s028,5,0.14493451612903227,0.0821,0.13435189827437183,0.9269770575402779,0.130775,-0.0311,0.9397,0.9708,78,0.05032258064516129,0.0589,0.189675,1550,1.760866642769513e-05,1.137947984781371,0.19442990956072348,-4.8958502512226986e-06,0.014071398340110092,-8.615819209039548,1
s028,6,0.13067690322580644,0.0768,0.1149265322496338,0.8794641589178633,0.11127499999999999,-0.0509,0.7661,0.817,74,0.04774193548387097,0.0602,0.171475,1550,1.2639558092394395e-05,1.1111453854339097,0.1708956718346253,-4.042979559322807e-05,0.018759369016616068,-9.154761904761905,1
s028,7,0.13723387096774195,0.07744999999999999,0.1307278687660454,0.9525849213409755,0.11955000000000002,-0.018,1.365,1.383,72,0.04645161290322581,0.0618,0.18135,1550,-1.5397987812931837e-06,0.9885504927337146,0.1794402454780362,1.543409563731149e-05,-0.032622841078695466,-10.569444444444445,1
s028,8,0.14741245161290323,0.07485,0.13807742668910936,0.9366677543898125,0.14337500000000003,-0.0293,0.8855,0.9148,70,0.04516129032258064,0.0581,0.20147500000000002,1550,-2.4840505791083555e-07,0.9571629646420675,0.19970264857881137,3.0775031386712486e-05,-0.018257258206269555,-8.780346820809248,1
s029,1,0.14127490322580646,0.08990000000000001,0.1454330306665635,1.0294255944986779,0.08747500000000002,-0.0346,1.3808,1.4154,75,0.04838709677419355,0.06534999999999999,0.15282500000000002,1550,-1.0806711221617903e-05,0.8724290215295705,0.18097667958656327,-6.0904339486933626e-05,-0.030157475372824316,-14.476190476190476,0
s029,2,0.13100374193548386,0.09090000000000001,0.11361854556222474,0.8672857477035347,0.09057500000000002,-0.0367,0.9596,0.9963,72,0.04645161290322581,0.0676,0.158175,1550,-3.2302706742088473e-06,0.9786620937838307,0.15671324289405686,-9.494597876273242e-06,-0.0314475289125182,-13.678899082568808,1
s029,3,0.12216509677419356,0.09015000000000001,0.09878506273963945,0.8086127440269244,0.08175,-0.0534,0.9331,0.9865,70,0.04516129032258064,0.0669,0.14865,1550,-3.086919454795111e-06,0.9683419465444091,0.14457422480620152,2.5468305220634927e-05,-0.015135146420867537,-14.358490566037736,1
s029,4,0.12116348387096773,0.09004999999999999,0.09514583968050208,0.78526179158099,0.0846,-0.0352,0.8423,0.8775000000000001,71,0.045806451612903226,0.0684,0.153,1550,1.887648614911982e-05,1.1294193359040694,0.139962661498708,1.4653070484115669e-06,0.01941488882198858,-15.793814432989691,1
s029,5,0.11207954838709677,0.0903,0.09816498272471927,0.8758431693756815,0.065725,-0.0489,1.4399,1.4888,44,0.02838709677419355,0.0655,0.131225,1550,-4.1063355684115676e-07,1.0044157434851901,0.1305198966408269,-5.26216683036739e-05,0.041068779345961134,-24.64516129032258,1
s029,6,0.11262032258064515,0.0887,0.10735834060132513,0.9532683344616971,0.06757499999999998,-0.0491,1.8638,1.9128999999999998,24,0.015483870967741935,0.0671,0.134675,1550,2.373806822033687e-06,0.9988085441273531,0.12875729974160208,-1.5720476510881699e-06,-0.016887640246675356,-46.5,1
s029,7,0.10826019354838708,0.0887,0.08493487445871324,0.7845366532076131,0.06324999999999999,-0.0557,0.9498,1.0055,65,0.041935483870967745,0.065625,0.128875,1550,1.0492886378832239e-05,1.1200838749123023,0.12429166666666668,4.899160099303177e-05,0.019621886277939427,-18.083333333333332,1
s029,8,0.11317535483870969,0.0942,0.0998053584396208,0.8818569795948613,0.06545000000000001,-0.0787,1.2996,1.3783,35,0.02258064516129032,0.0686,0.13405,1550,-1.3794813569725137e-06,0.9029633065530407,0.132137661498708,7.960455577811967e-05,-0.03136003933717496,-30.045454545454547,1
s030,1,0.2307238709677419,0.14215,0.2929061837437683,1.2695041610174747,0.16377499999999998,-0.0242,4.0105,4.034700000000001,47,0.03032258064516129,0.092975,0.25675,1550,-5.7070624889253455e-05,0.7511204528108776,0.3013458010335917,-0.00020142740582052736,-0.2780389650686205,-25.065573770491802,2
s030,2,0.1995467741935484,0.13735,0.16946496130158886,0.8492450591667278,0.152525,0.0049,1.276,1.2711000000000001,66,0.04258064516129032,0.091675,0.2442,1550,-2.8666141541410248e-05,0.8504774761319644,0.24399043927648575,-0.0001452026228206537,-0.10291536646516972,-15.049504950495049,1
s030,3,0.23083935483870968,0.17459999999999998,0.1759354614795874,0.7621521011892187,0.18287499999999995,-0.0084,1.5895,1.5978999999999999,52,0.03354838709677419,0.1143,0.29717499999999997,1550,-5.4949602436140794e-05,0.7423308778121223,0.2725925064599483,-5.008759921939499e-06,-0.07342017192553618,-19.57894736842105,2
s030,4,0.194241935483871,0.14739999999999998,0.15167912058704835,0.7808732925560788,0.1433,-0.0174,1.4141,1.4315,53,0.034193548387096775,0.1003,0.2436,1550,-2.406099552067218e-05,0.8432243453845094,0.22480387596899223,-5.613005313183984e-05,-0.05994580549946542,-19.256410256410255,1
s030,5,0.17941006451612904,0.1424,0.12703329475426853,0.7080571931105634,0.129075,-0.0073,1.2162,1.2235,46,0.02967741935483871,0.0956,0.224675,1550,-2.7047349527949197e-05,0.8250120285949207,0.20144509043927647,-0.00010583357179501093,-0.040439005064627886,-21.09722222222222,0
s030,6,0.1968813548387097,0.14965,0.15616942237395906,0.793211877732245,0.1391,-0.015,1.8435,1.8584999999999998,58,0.03741935483870968,0.104,0.2431,1550,-3.7480748493212065e-05,0.7864546799982558,0.22687913436692508,-3.5053294251398e-05,-0.056511662540786226,-18.524390243902438,1
s030,7,0.2233895483870968,0.174,0.16728168222161333,0.7488306171832454,0.16315000000000002,0.0012,1.8328,1.8316,47,0.03032258064516129,0.119,0.28215,1550,-3.818716857845961e-05,0.8142719458940544,0.255865180878553,-6.221691505350572e-05,-0.09286296148461406,-20.0,1
s030,8,0.19832812903225805,0.1536,0.14301983289846878,0.7211236876616685,0.14539999999999997,0.0083,1.3064,1.2981,51,0.032903225806451615,0.1077,0.2531,1550,-8.793938472855434e-06,0.9064585357360976,0.22481408268733852,-4.327947966372888e-06,-0.02028195128070248,-18.80246913580247,1
s031,1,0.21504135483870968,0.12865,0.23850208836463768,1.109093548308303,0.20787499999999998,0.013,2.6127,2.5997,79,0.05096774193548387,0.0694,0.277275,1550,-1.9084230641618592e-05,0.866101072305996,0.30751737726098194,-3.373152308695708e-05,-0.017640685462489397,-15.510204081632653,2
s031,2,0.1969789677419355,0.127,0.19141485578634862,0.9717478278660409,0.17947500000000005,-0.0243,2.1138,2.1381,61,0.03935483870967742,0.0808,0.26027500000000003,1550,-1.4763055387932141e-05,0.9222232731967249,0.25516537467700257,-5.657664416104102e-06,-0.04088740320678402,-18.825,1
s031,3,0.17151212903225804,0.1176,0.15065310401601678,0.8783765118510669,0.15797500000000003,-0.0327,1.1738,1.2065,60,0.03870967741935484,0.0742,0.23217500000000002,1550,-8.112802544350638e-06,0.9527893135136856,0.21489599483204133,-1.356663908245099e-05,-0.0290830950924576,-17.51764705882353,0
s031,4,0.17396464516129034,0.12135,0.15979448604188512,0.9185404732855927,0.14242500000000002,-0.1214,1.2883,1.4097,57,0.036774193548387096,0.079775,0.2222,1550,-1.4470326321105205e-05,0.8805682470584234,0.21897816537467701,-5.1175340226809484e-05,-0.033887637893630584,-21.661971830985916,0
s031,5,0.18408367741935483,0.1227,0.17697872286372898,0.961398446327838,0.15285,-0.0113,1.5614,1.5727,62,0.04,0.0781,0.23095000000000002,1550,9.481271174776609e-07,1.0573129637785827,0.23707422480620155,-1.9636795796887327e-05,0.006043955467129991,-19.766233766233768,1
s031,6,0.16282858064516129,0.1148,0.16389872888931695,1.0065660566091217,0.12427500000000001,-0.0285,2.3592,2.3877,43,0.027741935483870966,0.074475,0.19875,1550,-1.7669577359026147e-06,0.8930193983609429,0.20219250645994835,2.274009997344703e-05,-0.011103161587686039,-27.62962962962963,1
s031,7,0.16433232258064515,0.11925,0.16083725120321354,0.978725730591153,0.11015,-0.0396,1.434,1.4736,65,0.041935483870967745,0.0789,0.18905,1550,4.00849148082621e-06,1.0372736386241637,0.20526963824289407,1.1631180991123983e-05,0.05263944870579776,-19.558441558441558,1
s031,8,0.15071374193548387,0.11395,0.1545974760827589,1.0257621391073815,0.098725,-0.0461,1.9624,2.0084999999999997,46,0.02967741935483871,0.076,0.174725,1550,2.3994626885079337e-06,1.005157902226978,0.19044541343669247,-5.369114185762931e-05,0.026899165351579463,-25.224137931034484,1
s032,1,0.16177741935483872,0.1021,0.18395769922190724,1.137096653283658,0.107325,-0.0171,2.0428,2.0599000000000003,64,0.04129032258064516,0.0728,0.180125,1550,-5.763325260153519e-05,0.6582857039641368,0.20269121447028424,-0.00014066140504198204,-0.11794472436538753,-18.2625,2
s032,2,0.14781509677419355,0.1037,0.14654897119797253,0.9914276888385389,0.09415000000000003,-0.0367,1.4108,1.4475,68,0.04387096774193548,0.0773,0.17145000000000002,1550,-2.8108242614957823e-05,0.7948556575718327,0.17698068475452194,-4.1858820375196755e-05,-0.06455186924819879,-18.72151898734177,0
s032,3,0.1345728387096774,0.1001,0.13259822576176325,0.9853194873026083,0.08972500000000001,-0.0414,1.5878,1.6292000000000002,52,0.03354838709677419,0.0747,0.16442500000000002,1550,1.1142522525839311e-05,1.133242433862653,0.15647099483204135,-5.590955213030051e-05,0.06227902981369103,-25.516666666666666,1
s032,4,0.1242067741935484,0.09620000000000001,0.11508360573491348,0.9265410839387793,0.07667500000000002,-0.042,1.2112,1.2532,43,0.027741935483870966,0.0754,0.15207500000000002,1550,-3.7470193838085384e-07,1.0246662255911816,0.1413982558139535,-3.067457328249583e-05,0.039825493328191144,-29.47826086956522,1
s032,5,0.13769251612903227,0.1031,0.17879750098056432,1.298517940474507,0.083175,-0.0617,3.9843,4.046,33,0.02129032258064516,0.08245,0.165625,1550,-1.0055289929361028e-05,0.9563433724578709,0.16295478036175712,-6.541654485786382e-05,-0.16080796003037173,-41.74285714285714,2
s032,6,0.13961929032258064,0.11075,0.11589862709871643,0.8300987401683713,0.08587499999999999,-0.0541,1.0745,1.1286,68,0.04387096774193548,0.083525,0.1694,1550,-1.756158383953679e-05,0.786379119446879,0.16345587855297158,-3.37965651206616e-05,-0.03887442095272875,-20.11842105263158,0
s032,7,0.12733503225806453,0.1098,0.11781944050044402,0.9252639524817784,0.0768,-0.1057,1.1366,1.2423,54,0.03483870967741935,0.076,0.1528,1550,2.5427529874840388e-05,1.22666214230408,0.1656541989664083,-2.8124391922722853e-05,0.05304967971459544,-22.870967741935484,1
s032,8,0.11515374193548386,0.1012,0.10115756152527527,0.8784489446552658,0.06562500000000002,-0.0807,0.9705,1.0512000000000001,47,0.03032258064516129,0.07264999999999999,0.138275,1550,1.920527879377858e-05,1.1827790782569332,0.14146208010335917,-4.5347334256244385e-05,0.026854340334205043,-30.38,1
s033,1,0.29945025806451614,0.21350000000000002,0.27079477373202493,0.9043033429957499,0.27435,-0.2355,2.0443,2.2798,72,0.04645161290322581,0.12015,0.39449999999999996,1550,-2.3915282889111222e-05,0.8746134974065763,0.39927874677002584,-9.177174190454854e-05,-0.06970753781374583,-15.474747474747474,2
s033,2,0.2741308387096774,0.1933,0.24386743612834558,0.8895990968295233,0.24949999999999997,-0.1355,1.6719,1.8074,79,0.05096774193548387,0.10969999999999999,0.35919999999999996,1550,-4.955753627986453e-05,0.8202573282682563,0.3654113695090439,-0.00018746567827523925,-0.05809543600691483,-12.678260869565218,2
s033,3,0.24358025806451614,0.1716,0.2201574612685009,0.9038358000851974,0.18822500000000003,-0.1,2.1107,2.2107,79,0.05096774193548387,0.112525,0.30075,1550,-1.3153112063998885e-05,0.9333794147546813,0.3134652454780362,-5.983349445608825e-05,-0.050423931255101,-13.9,2
s033,4,0.27352096774193546,0.18725,0.2488205138941469,0.9096911518598972,0.23660000000000003,-0.0989,2.4582,2.5571,71,0.045806451612903226,0.117425,0.35402500000000003,1550,-6.300080202779095e-06,1.0056076753631247,0.36313049095607236,-0.00019967663823172287,0.011421992606512388,-13.155172413793103,1
s033,5,0.2607962580645161,0.18585000000000002,0.2522406257451811,0.9671904820517006,0.23777499999999996,-0.1416,2.6997,2.8413,62,0.04,0.100275,0.33804999999999996,1550,-3.784006516118315e-05,0.8487693991623393,0.3510960594315245,-8.302441074186066e-05,-0.06389696104151796,-17.962962962962962,2
s033,6,0.2379786451612903,0.17770000000000002,0.20316592866368444,0.853711368995399,0.21162499999999998,-0.1625,1.4632,1.6257000000000001,71,0.045806451612903226,0.1026,0.314225,1550,-1.8501185640450408e-06,0.9938307752132189,0.3069948966408269,-9.698459924259412e-05,-0.03863253148743484,-15.168316831683168,1
s033,7,0.2288590322580645,0.17104999999999998,0.18539227677922848,0.810068385248581,0.178525,-0.1396,1.315,1.4546,69,0.044516129032258066,0.1163,0.294825,1550,-2.0966112583658652e-06,0.9799249733444766,0.2808130490956072,1.9322304803007225e-06,-0.010841546209253539,-14.94,1
s033,8,0.22324535483870964,0.16995,0.18776500962562967,0.841066407383384,0.160325,-0.1441,1.6202,1.7643,73,0.04709677419354839,0.1153,0.275625,1550,-1.4426580742157074e-05,0.9154093678908611,0.272477519379845,-0.0001475463711288651,-0.004326142733196453,-16.9010989010989,2
s034,1,0.17795012903225807,0.0932,0.2149825771409788,1.2080989781301577,0.104875,-0.2045,1.5513,1.7557999999999998,97,0.06258064516129032,0.0673,0.172175,1550,-1.3082731960185096e-05,0.9379321223114502,0.2558390826873385,-0.0002322767495997712,0.00730913992382351,-10.865248226950355,1
s034,2,0.14155535483870968,0.09525,0.1559559795015678,1.1017236186906987,0.077075,-0.1422,1.17,1.3121999999999998,85,0.054838709677419356,0.06467500000000001,0.14175000000000001,1550,-2.0998040628904884e-05,0.8396298846549298,0.19488171834625323,-0.0001478957342428391,-0.04440851910178817,-12.0625,2
s034,3,0.13136,0.0966,0.14027911181962632,1.0678901029957621,0.06874999999999999,-0.2287,1.3009,1.5295999999999998,89,0.05741935483870968,0.06315,0.1319,1550,-1.3733615679125802e-05,0.8618857388872974,0.17900891472868216,4.204499578502938e-06,-0.02052552304132746,-13.120689655172415,0
s034,4,0.13020154838709677,0.1021,0.13725014910687916,1.0541279783467035,0.07342500000000002,-0.0688,1.3876,1.4564,69,0.044516129032258066,0.066025,0.13945000000000002,1550,-1.8870289697948763e-05,0.8088577818186314,0.16446621447028426,-6.970997388522391e-05,-0.01700464804651658,-19.098765432098766,0
s034,5,0.12573264516129032,0.1018,0.1461137506239239,1.1620895141987662,0.07627499999999998,-0.1688,1.6269,1.7957,59,0.03806451612903226,0.060425,0.1367,1550,8.618767643678123e-08,0.97751762927357,0.17239315245478035,-1.1646367777511348e-05,-0.04941700450562943,-22.092307692307692,1
s034,6,0.11537032258064517,0.0968,0.1265505889277504,1.0968981380905196,0.06707500000000001,-0.1324,1.7289,1.8613000000000002,50,0.03225806451612903,0.0636,0.130675,1550,-1.688815101920294e-05,0.870857349670381,0.1536035529715762,-1.7430344699576995e-05,-0.04349081849610076,-29.0,2
s034,7,0.1119701935483871,0.1001,0.10389034958735047,0.9278310456024157,0.07404999999999999,-0.0963,0.9094,1.0057,58,0.03741935483870968,0.062875,0.136925,1550,-3.217625325049651e-05,0.7247894979688212,0.14772952196382427,-5.47587206079872e-05,-0.04518839386172743,-23.033333333333335,0
s034,8,0.10520019354838708,0.098,0.09846243052946128,0.9359440440585275,0.074125,-0.1184,1.0477,1.1661000000000001,58,0.03741935483870968,0.06075,0.134875,1550,-4.4733664620101304e-06,0.9862538105966311,0.14613817829457365,2.345973864600168e-05,0.005010390370632542,-23.80327868852459,1
s035,1,0.19095729032258063,0.11185,0.19273487237004194,1.0093035083444672,0.19892500000000002,-0.043,1.4083,1.4513,67,0.043225806451612905,0.066,0.264925,1550,-6.724061119746146e-05,0.6624177121772487,0.26337577519379846,-7.026739932405814e-05,-0.10745779627630075,-12.224137931034482,1
s035,2,0.1535242580645161,0.1034,0.13961478248726264,0.9093929184511915,0.12150000000000001,-0.0419,1.1986,1.2405000000000002,64,0.04129032258064516,0.068675,0.190175,1550,-3.434358877045083e-05,0.7833919845899227,0.19342939276485788,-5.262161674439257e-05,-0.05799630193481703,-16.0,0
s035,3,0.15227645161290324,0.10164999999999999,0.13619750831524016,0.8944036485550134,0.14140000000000003,-0.0427,1.2062,1.2489,73,0.04709677419354839,0.0596,0.201,1550,-1.6040123866185594e-05,0.9255548424961406,0.19704037467700256,-1.1316973573290193e-05,-0.024393062391524833,-15.464646464646465,0
s035,4,0.15709883870967742,0.0986,0.1611649125303317,1.025875735163335,0.12575,-0.0767,1.7732,1.8499,60,0.03870967741935484,0.0665,0.19225,1550,-8.81950153273868e-06,0.9175018368457156,0.19891854005167958,3.097404505765623e-05,-0.03437942542212513,-19.71794871794872,0
s035,5,0.14423793548387098,0.099,0.16452128680663777,1.140616340898015,0.11402500000000002,-0.0662,1.8758,1.942,37,0.023870967741935485,0.06282499999999999,0.17685,1550,7.123815552862091e-06,1.0473859439757778,0.178918992248062,1.2297997179707542e-06,0.05280817896507865,-34.17777777777778,1
s035,6,0.13358387096774194,0.0941,0.11895423125472546,0.8904768211622596,0.097075,-0.0591,1.3012,1.3602999999999998,65,0.041935483870967745,0.066,0.163075,1550,-8.596149581828559e-06,0.9017314838347689,0.15861311369509043,8.607296153935279e-06,0.002155013192145616,-16.010416666666668,1
s035,7,0.13189787096774194,0.09815,0.13908024525889245,1.0544460634003974,0.08865,-0.0609,2.3489,2.4098,35,0.02258064516129032,0.0675,0.15615,1550,-1.6936253996493863e-05,0.8879441384613248,0.15705213178294572,-1.9992645068483646e-05,-0.017775993407164445,-31.0,0
s035,8,0.12935722580645162,0.10255,0.11804733723567373,0.9125615050742775,0.09190000000000002,-0.1203,1.3111,1.4314,45,0.02903225806451613,0.06572499999999999,0.15762500000000002,1550,-7.529996649053715e-06,0.9085401676309679,0.15293533591731265,-5.6090290613890605e-05,-0.05251006525773623,-25.847457627118644,0
s036,1,0.506489935483871,0.378,0.6550702445480591,1.293350381329617,0.62515,0.0098,5.8836,5.8738,63,0.04064516129032258,0.045975,0.671125,1550,-4.463786823905123e-05,0.9161152903406866,0.9289343669250647,-0.0002587773953797732,0.16701844119754472,-20.887323943661972,1
s036,2,0.3376985161290323,0.21315,0.34578571289594867,1.0239449462634904,0.50315,0.0223,3.0291,3.0068,62,0.04,0.0499,0.55305,1550,-8.700501812165497e-05,0.7143659842868363,0.5832452842377261,-3.0162795853602103e-05,-0.1677298428331009,-18.313253012048193,2
s036,3,0.3616836774193548,0.2904,0.36480868346788753,1.0086373746071378,0.518775,0.0251,3.6394,3.6143,43,0.027741935483870966,0.049675,0.56845,1550,-3.552788030431037e-05,0.8497168799460668,0.6329343669250647,-0.0001011618136492889,-0.08492093223613362,-28.37735849056604,2
s036,4,0.35840406451612905,0.29545,0.34700260360127033,0.9681855474607961,0.51835,0.0272,2.6637,2.6365,57,0.036774193548387096,0.048,0.56635,1550,-5.6992830892252915e-05,0.9060879308574468,0.6271846253229975,-8.539632846355915e-05,-0.04542775610403471,-20.529411764705884,2
s036,5,0.320748,0.27335,0.27555124507746637,0.8590868407304977,0.48300000000000004,0.0275,1.6998,1.6723,54,0.03483870967741935,0.053,0.536,1550,-2.2272287045629754e-05,0.890093549385081,0.5462890826873384,-2.8014493314049908e-05,-0.0360019603694548,-20.90625,2
s036,6,0.27299374193548387,0.24054999999999999,0.21897466447837585,0.8021204471774244,0.4064,0.0251,0.9488,0.9237,31,0.02,0.0517,0.4581,1550,1.3895690789384594e-06,0.987280407096738,0.4527839147286822,-9.329338004604223e-05,-0.0011081089742557004,-37.975,1
s036,7,0.2809363870967742,0.26485000000000003,0.22413694395106115,0.7978181411427911,0.4185,0.0198,1.1959,1.1761,25,0.016129032258064516,0.0509,0.4694,1550,-3.373132886671972e-06,1.010865552529565,0.4708649224806202,3.55424165319718e-06,-0.00017197152504158653,-53.285714285714285,1
s036,8,0.35882567741935484,0.2825,0.3715535342646347,1.035467978403418,0.49145000000000005,0.0264,3.9245,3.8981,55,0.035483870967741936,0.0554,0.5468500000000001,1550,-0.00013335291627592774,0.6361048349648882,0.6168654392764857,-4.486999069354972e-05,-0.29928166475489026,-14.91891891891892,2
s037,1,0.15710283870967745,0.1082,0.1452717285896523,0.9246860533949747,0.10597500000000001,-0.0191,1.8928,1.9119,64,0.04129032258064516,0.078675,0.18465,1550,-2.1411561018541026e-05,0.8695590325466733,0.1864121447028424,-0.0001609402582604411,-0.06545508922489973,-16.4468085106383,0
s037,2,0.15198541935483872,0.11265,0.1386393972551661,0.9121827979346518,0.102575,-0.0457,1.6994,1.7451,55,0.035483870967741936,0.0807,0.183275,1550,-3.08023074199796e-05,0.7976401311621416,0.17651149870801033,-0.00016574631544484064,-0.08403357089948453,-20.986301369863014,0
s037,3,0.14834270967741936,0.1066,0.13066648362769004,0.8808360254157772,0.09209999999999999,-0.0642,1.1232,1.1874,79,0.05096774193548387,0.07627500000000001,0.168375,1550,-2.7046010599527795e-05,0.7946120228400736,0.17932164082687338,-7.368730326911619e-05,-0.02621788269846434,-13.9,0
s037,4,0.133813935483871,0.1016,0.12804095962341955,0.9568510358012511,0.07537500000000001,-0.0617,1.5029,1.5646,55,0.035483870967741936,0.0752,0.15057500000000001,1550,-1.8278538761836857e-05,0.8784506888877082,0.16284108527131783,-2.246225731690669e-05,-0.0452276331731573,-20.64864864864865,0
s037,5,0.13758670967741934,0.1012,0.1336328702711863,0.9712558671446357,0.07967500000000001,-0.0608,1.4304,1.4911999999999999,52,0.03354838709677419,0.073225,0.1529,1550,5.912301880183378e-06,1.056186242111125,0.1638919250645995,3.2454781221078385e-05,0.062314344417613965,-22.850746268656717,1
s037,6,0.12229490322580644,0.0984,0.10366337397101809,0.8476438804300308,0.073625,-0.0588,1.0754,1.1341999999999999,53,0.034193548387096775,0.07185,0.145475,1550,9.167923254749937e-07,1.0011390716439477,0.1389639534883721,-1.0432548858864116e-05,-0.000511646584975517,-20.863013698630137,1
s037,7,0.13125670967741937,0.0956,0.16651117088403944,1.2685820230541842,0.0797,-0.1337,2.4371,2.5708,34,0.02193548387096774,0.0691,0.1488,1550,3.854127486528851e-05,1.3958860543780183,0.16005239018087855,-4.339560405565292e-05,0.1690566547107612,-24.42105263157895,1
s037,8,0.11677477419354838,0.08704999999999999,0.11065722909397047,0.947604328536184,0.078825,-0.0604,1.6953,1.7557,35,0.02258064516129032,0.06525,0.144075,1550,1.1152091272059776e-05,1.0721185585688435,0.13387273901808786,-1.557299634186901e-05,-0.010296420299770875,-31.604166666666668,1
s038,1,0.21877658064516128,0.1105,0.25753959818284056,1.1771754556539684,0.23945000000000002,-0.0074,2.6693,2.6767,59,0.03806451612903226,0.0678,0.30725,1550,-5.516895194169391e-05,0.7648901309991891,0.3198472222222222,-3.9997401412209174e-05,-0.10278949333025741,-16.47826086956522,2
s038,2,0.20207690322580646,0.1163,0.24133604665471362,1.1942723217245539,0.18855,-0.0283,2.022,2.0503,57,0.036774193548387096,0.0675,0.25605,1550,-3.372866905560399e-05,0.8011526527298587,0.2855400516795865,3.536894275115149e-05,-0.08997011318725814,-23.242424242424242,2
s038,3,0.1773611612903226,0.10685,0.18933770556764215,1.0675202883760357,0.1541,-0.0399,1.7136,1.7535,57,0.036774193548387096,0.0723,0.2264,1550,-4.1616241604558194e-05,0.7438555454396989,0.23654728682170545,-1.739072912558041e-05,-0.10819548805747259,-20.690140845070424,0
s038,4,0.16761806451612904,0.10885,0.18922147203772852,1.1288779864269007,0.143275,-0.0551,2.2108,2.2659,35,0.02258064516129032,0.0739,0.217175,1550,-2.944581212876602e-05,0.7947641537495699,0.21631692506459949,-3.2036658649198546e-05,-0.1278946290894445,-33.27272727272727,2
s038,5,0.15957574193548388,0.11145,0.1436053088422407,0.8999137787905186,0.142875,-0.0362,1.8283,1.8645,45,0.02903225806451613,0.07455,0.217425,1550,2.9431071026326785e-06,0.9935936533356223,0.197240503875969,2.9854185195783313e-05,-0.0040115061042308164,-18.058823529411764,1
s038,6,0.15879851612903226,0.1026,0.16115244373070725,1.014816969591791,0.1478,-0.0419,1.8804,1.9223000000000001,22,0.014193548387096775,0.07345,0.22125,1550,-1.2802651980560767e-05,0.8649348035661009,0.20067571059431524,1.232497557379032e-05,-0.05451922277984392,-29.41304347826087,0
s038,7,0.1781035483870968,0.1067,0.1900161822488843,1.066880009352139,0.1759,-0.0601,2.0891,2.1492,39,0.025161290322580646,0.072,0.2479,1550,-9.90354938082009e-06,0.937640886246382,0.23605064599483205,-3.0161019636352272e-05,0.0003768652438858322,-26.833333333333332,0
s038,8,0.1549918064516129,0.1037,0.14060745431976612,0.907186969116933,0.15052500000000002,-0.0343,1.749,1.7833,39,0.025161290322580646,0.072,0.222525,1550,-9.123881210302708e-06,0.9413062502389042,0.19107764857881138,6.600661505582584e-05,-0.010589654381599742,-20.383561643835616,0
s039,1,0.171718,0.1127,0.16051424707704198,0.9347494865276526,0.11622500000000002,-0.0095,1.5203,1.5298,81,0.052258064516129035,0.0802,0.19642500000000002,1550,-6.12159886904857e-05,0.6731964057671256,0.21050749354005166,-0.00011618023320263043,-0.10392178817072556,-12.865546218487395,0
s039,2,0.16358890322580646,0.11574999999999999,0.16165565412047814,0.9881762317405467,0.1013,-0.009,2.1337,2.1427,58,0.03741935483870968,0.0844,0.1857,1550,-4.1443509204105655e-05,0.7796580788090332,0.19069160206718347,-0.0001642526868830609,-0.03505342857568594,-16.57777777777778,0
s039,3,0.15144696774193547,0.10675000000000001,0.15668943513955813,1.0346090309151854,0.08772500000000001,-0.0101,2.3764,2.3865,52,0.03354838709677419,0.080775,0.1685,1550,-1.4524037813368742e-05,0.862555921929616,0.1737345607235142,-9.443540524306336e-05,-0.10678232851390637,-18.765432098765434,0
s039,4,0.15691148387096776,0.11145,0.14767745291810383,0.9411453395865043,0.0917,0.0043,1.5804,1.5761,62,0.04,0.0847,0.1764,1550,-8.166134754122783e-06,0.8666556474908131,0.17705510335917313,9.801767452172563e-06,-0.05965751366988882,-17.06741573033708,0
s039,5,0.14577903225806452,0.10175000000000001,0.12871355215648775,0.8829299195697451,0.08725000000000001,0.0016,1.4529,1.4513,71,0.045806451612903226,0.08055,0.1678,1550,-5.532159477653618e-06,0.9365385660159372,0.16267997416020671,1.0894213244032744e-05,-0.038312456083846216,-14.721153846153847,1
s039,6,0.14245245161290324,0.1042,0.13523183001360406,0.9493053940249697,0.07807499999999999,-0.0188,1.8655,1.8842999999999999,75,0.04838709677419355,0.081,0.159075,1550,-2.4203863050179657e-05,0.7629697483751453,0.16238953488372093,-1.2311724838426173e-05,-0.0716507403392212,-15.989473684210527,0
s039,7,0.14883419354838712,0.10544999999999999,0.23132390321482815,1.5542285241804958,0.07865,-0.0248,4.9618,4.9866,13,0.008387096774193548,0.0839,0.16255,1550,-2.640402809606756e-05,0.7907111294211882,0.1716455426356589,3.86395155489902e-05,-0.12261579926950289,-83.375,2
s039,8,0.13440187096774195,0.09985,0.1373621013248212,1.0220176126876748,0.07057500000000001,-0.0219,1.8716,1.8935,52,0.03354838709677419,0.0815,0.15207500000000002,1550,-8.918200536594476e-06,0.9149561176330574,0.1542562661498708,-9.062100061097748e-05,0.004384997402788804,-22.028985507246375,1
s040,1,0.24568432258064515,0.1457,0.25527966759948273,1.039051356092663,0.22552500000000003,-0.1023,2.2518,2.3541,64,0.04129032258064516,0.100925,0.32645,1550,-8.962595745567029e-05,0.6807464650492002,0.33774799741602074,-0.0003184236265251881,-0.1434325462684534,-14.339622641509434,2
s040,2,0.22894677419354842,0.1454,0.2633149778507898,1.1501093591247928,0.19992500000000002,-0.1852,2.5462,2.7314,72,0.04645161290322581,0.10137499999999999,0.3013,1550,-6.240082884664077e-05,0.7498366213923779,0.3356755167958656,-0.00011175650098091527,-0.07680413598962582,-16.159574468085108,2
s040,3,0.24432522580645163,0.15475,0.2451917360914304,1.003542437092547,0.21090000000000003,-0.1047,1.9472,2.0519,85,0.054838709677419356,0.10137499999999999,0.312275,1550,-5.413464149808857e-05,0.7897053595035227,0.32733701550387595,-0.00018284826103433076,-0.04926162306344975,-13.530973451327434,2
s040,4,0.2131565806451613,0.14865,0.20389649617751965,0.9565528730453252,0.19187500000000002,-0.1841,1.6709,1.855,61,0.03935483870967742,0.102175,0.29405000000000003,1550,-1.5010226569326607e-05,0.9040916600972511,0.27873204134366925,-7.841395915989289e-05,-0.0020908495905208047,-18.609756097560975,2
s040,5,0.23133451612903225,0.16044999999999998,0.2032342947364542,0.8785261257640008,0.204875,-0.0915,1.5115,1.603,79,0.05096774193548387,0.1071,0.311975,1550,3.919895666701636e-06,1.0048592574634565,0.3011957364341086,-9.610179864553722e-05,0.013772790757362569,-14.490384615384615,1
s040,6,0.2093488387096774,0.1482,0.19777497779190087,0.944710437853127,0.17807500000000004,-0.1073,2.0062,2.1135,50,0.03225806451612903,0.1095,0.287575,1550,-2.351907092868582e-05,0.8789489605617409,0.2753636950904393,-2.932789898505556e-05,-0.008151208174643487,-22.26865671641791,2
s040,7,0.18409567741935484,0.14150000000000001,0.17248179378637882,0.9369087818650935,0.14235,-0.0947,1.564,1.6587,50,0.03225806451612903,0.10164999999999999,0.244,1550,-1.343385248497101e-05,0.8757739619923199,0.23645684754521964,0.00013474233249033892,-0.031714160541410186,-26.203389830508474,0
s040,8,0.21841406451612905,0.1498,0.22692396872704865,1.0389574969554871,0.17565000000000003,-0.087,2.9162,3.0032,55,0.035483870967741936,0.10882499999999999,0.28447500000000003,1550,-8.271228808809275e-05,0.6635826990540781,0.28283630490956074,-0.0001690048182148628,-0.15654055484214283,-22.955223880597014,2
s041,1,0.18956987096774194,0.1448,0.17390185289590365,0.9173448009609843,0.11929999999999998,-0.0889,2.1293,2.2182000000000004,57,0.036774193548387096,0.0981,0.21739999999999998,1550,-3.594393225151086e-05,0.7690282494222657,0.2285520025839793,-5.4104737524587364e-05,-0.07369872044569176,-19.493506493506494,1
s041,2,0.2076288387096774,0.1522,0.25480464967767186,1.2272063170744816,0.10992500000000001,-0.1129,3.645,3.7579000000000002,40,0.025806451612903226,0.1113,0.221225,1550,-7.204580923661624e-05,0.6292396275016957,0.27054993540051686,-4.219061208601138e-05,-0.2590964881957696,-33.04651162790697,2
s041,3,0.16576387096774192,0.15025,0.13336335748810269,0.8045332929077318,0.09722500000000002,-0.1696,1.2245,1.3941,96,0.06193548387096774,0.100225,0.19745000000000001,1550,-6.931901190143825e-06,0.969819409312676,0.21579954780361754,-2.562115528882228e-05,-0.0043369363854119936,-15.049504950495049,0
s041,4,0.19503780645161287,0.15055000000000002,0.21566460807727317,1.105752296175876,0.10650000000000001,-0.1583,3.4258,3.5841000000000003,50,0.03225806451612903,0.1071,0.2136,1550,1.0407416503372336e-05,1.0620110549727684,0.2546012273901809,-3.522050615746714e-05,0.12869188865155054,-22.014492753623188,1
s041,5,0.16493109677419354,0.1441,0.15109945261773033,0.9161312781016705,0.09640000000000001,-0.139,1.6085,1.7475,68,0.04387096774193548,0.09937499999999999,0.195775,1550,-1.4183122468890406e-05,0.8788455616117735,0.2181009689922481,-7.751797485453814e-05,-0.032065253227436974,-19.833333333333332,0
s041,6,0.18016367741935485,0.148,0.2468041540992982,1.36988092024738,0.103325,-0.1593,4.4945,4.6538,40,0.025806451612903226,0.0955,0.198825,1550,1.1350371586875576e-05,1.0053035974598366,0.2564789405684755,3.281255623184166e-05,-0.17464509340552042,-34.976190476190474,1
s041,7,0.15447,0.1327,0.14657600682724084,0.9488901271257443,0.093425,-0.1218,1.5575,1.6793,67,0.043225806451612905,0.08835,0.181775,1550,2.338939256918085e-06,1.066590157294249,0.20778036175710596,2.836230191568507e-05,-0.019887476184396985,-18.21518987341772,1
s041,8,0.1728878709677419,0.1538,0.1773322423096375,1.0257007366467483,0.1097,-0.1409,1.8179,1.9588,57,0.036774193548387096,0.09092499999999999,0.200625,1550,-3.0381092783913e-05,0.7769657429881309,0.24162596899224806,-7.023953411033172e-05,-0.1276703831790311,-24.11111111111111,0
s042,1,0.17492729032258064,0.1236,0.16171900088977387,0.9244874033328293,0.1375,-0.0618,1.2953,1.3571,66,0.04258064516129032,0.0715,0.20900000000000002,1550,-6.71809554108237e-05,0.6631710625651903,0.22556802325581396,-0.00019519503071644203,-0.10984585282042468,-17.272727272727273,0
s042,2,0.1700151612903226,0.1411,0.1176845830166921,0.6921964484054656,0.13265000000000002,-0.0768,1.2422,1.319,40,0.025806451612903226,0.0847,0.21735000000000002,1550,-1.1695859267183174e-05,0.9183043351482202,0.19746304909560722,-2.8055897995117483e-05,-0.03151335586228571,-21.56338028169014,0
s042,3,0.1596925806451613,0.1306,0.12486872106252984,0.7819269914173183,0.11967499999999999,-0.0866,1.2134,1.3,45,0.02903225806451613,0.0815,0.201175,1550,-3.062012534287376e-05,0.7963289054179759,0.19289928940568477,-7.983920980245052e-05,-0.05137573388069944,-24.79310344827586,0
s042,4,0.1381950322580645,0.12075,0.09117133070797791,0.6597246622661813,0.10317499999999999,-0.0636,0.6071,0.6707,72,0.04645161290322581,0.073325,0.1765,1550,4.80097147232543e-06,1.0447612174973906,0.16013094315245477,-3.193046973083459e-05,0.012480345676797136,-17.802325581395348,1
s042,5,0.1513441935483871,0.1243,0.12063873566854254,0.79710979146472,0.12409999999999999,-0.0718,1.7323,1.8041,20,0.012903225806451613,0.07367499999999999,0.19777499999999998,1550,2.193865476282523e-06,1.0119115812142994,0.18009425064599482,2.6101953323382417e-05,0.0009513646971484324,-53.074074074074076,1
s042,6,0.1538818064516129,0.1311,0.10420868345634385,0.6771951061934353,0.1217,-0.0694,0.9716,1.041,31,0.02,0.08345,0.20515,1550,1.310573429932189e-06,0.9962603840617891,0.1759686046511628,-2.070098968040992e-05,0.0023390373949946502,-29.0,1
s042,7,0.13336645161290323,0.11374999999999999,0.0971642830816128,0.7285456976686523,0.09595000000000001,-0.0668,1.1823,1.2490999999999999,19,0.012258064516129033,0.0723,0.16825,1550,-7.385160846429902e-06,0.9505699869321258,0.15299812661498707,4.794286200416051e-06,-0.016640938657050894,-56.03846153846154,0
s042,8,0.1286883870967742,0.10935,0.08771787021732265,0.6816247415286777,0.09515,-0.0715,1.0638,1.1353,48,0.03096774193548387,0.0715,0.16665,1550,9.879231637154624e-06,1.0795188605321882,0.1485764857881137,1.20693266100029e-05,0.012915763101596492,-17.370786516853933,1
s043,1,0.2868572258064516,0.1429,0.29943776135485495,1.0438527970151046,0.37272500000000003,0.0012,2.0694,2.0682,62,0.04,0.0605,0.433225,1550,-8.736804592540602e-05,0.7112169271277446,0.4620023255813953,-0.00015525294725743328,-0.16144537759749764,-14.280373831775702,2
s043,2,0.24399090322580647,0.15305,0.24827304831021973,1.0175462588217576,0.294875,-0.0031,2.5023,2.5054,49,0.031612903225806455,0.062,0.356875,1550,-6.182857792871555e-05,0.7478754633390704,0.3743987080103359,-0.00016944528400141242,-0.15560066402284425,-18.80246913580247,2
s043,3,0.24963574193548388,0.1759,0.4908700392620176,1.966337308587684,0.270075,-0.0253,12.5061,12.5314,10,0.0064516129032258064,0.0646,0.334675,1550,-4.071815319073205e-05,0.7840667812311181,0.38009263565891477,6.540912032131763e-05,-0.05790545502869704,-105.18181818181819,2
s043,4,0.21994167741935486,0.1787,0.18232221181484506,0.8289533161734658,0.2509,-0.0237,1.8714,1.8951,47,0.03032258064516129,0.0665,0.3174,1550,-3.021272970487228e-05,0.831352744359214,0.3187527131782946,-3.7415621946724096e-05,-0.038410447838076206,-20.098591549295776,2
s043,5,0.21012064516129034,0.1643,0.17208422896258763,0.8189743080989823,0.23457500000000003,-0.0092,1.061,1.0702,62,0.04,0.0662,0.300775,1550,-2.263678138686472e-05,0.9125925375999291,0.3006031007751938,-4.501718986447644e-05,-0.0066143685135282015,-17.1123595505618,2
s043,6,0.19724290322580645,0.15765,0.1523908131532435,0.7726008797280047,0.228275,0.0088,1.0858,1.0770000000000002,56,0.03612903225806452,0.0631,0.291375,1550,-1.768658690590041e-05,0.8892646937399102,0.2813795865633075,-3.0058983818119435e-05,-0.00752188841165255,-19.986842105263158,2
s043,7,0.2040589677419355,0.15439999999999998,0.18995057212821884,0.9308566213655385,0.21282500000000004,0.0085,1.7576,1.7491,43,0.027741935483870966,0.0636,0.27642500000000003,1550,-6.394758554429435e-06,0.9292691650872565,0.2925441860465116,-3.357142636174479e-05,-0.004803557479082232,-25.25925925925926,1
s043,8,0.20679735483870965,0.16235,0.18710433635628465,0.9047670447002097,0.21657500000000002,-0.019,2.1814,2.2004,50,0.03225806451612903,0.065425,0.28200000000000003,1550,-1.8384830182669122e-05,0.9093953443670494,0.2947861111111111,4.671286378295721e-06,-0.01645457854039728,-26.20689655172414,2
s044,1,0.22866593548387096,0.1319,0.2722854445322498,1.1907512730516978,0.224275,0.0104,2.2316,2.2211999999999996,68,0.04387096774193548,0.064025,0.2883,1550,-0.00010026580146003614,0.6270453034733977,0.3466563953488372,-0.0003665781574259546,-0.08009575412973674,-17.813953488372093,2
s044,2,0.21461038709677419,0.1259,0.2578466420215428,1.2014583452893515,0.2005,0.0104,2.5951,2.5846999999999998,69,0.044516129032258066,0.0641,0.2646,1550,3.856645670920969e-05,1.2183083649049757,0.31716815245478036,1.6685003725158135e-05,0.13891625181803413,-15.44047619047619,1
s044,3,0.18005574193548388,0.11174999999999999,0.1876396207626028,1.0421138289275274,0.16,0.0041,1.7231,1.719,60,0.03870967741935484,0.06735,0.22735,1550,-3.524275734987722e-05,0.8379362711594245,0.24815994832041346,-5.96644444616308e-05,-0.029763890169631185,-18.349397590361445,0
s044,4,0.16354651612903226,0.1139,0.15349181248772154,0.9385150940881475,0.150175,-0.0369,2.0693,2.1062000000000003,50,0.03225806451612903,0.0654,0.21557500000000002,1550,-2.8440265122328492e-05,0.7983535155638327,0.21543682170542636,-0.00014646827944099388,-0.09485731325188673,-19.31645569620253,0
s044,5,0.16813406451612903,0.1113,0.16894453394320325,1.0048143998362493,0.1531,-0.0411,1.8758,1.9168999999999998,64,0.04129032258064516,0.0636,0.2167,1550,1.2121868427080661e-06,1.035890884979814,0.22457248062015503,-0.00016693300644748816,-0.016181738040649957,-18.3855421686747,1
s044,6,0.17327303225806454,0.11795,0.1429003538060777,0.8247072682723169,0.1699,0.0012,1.2206,1.2193999999999998,86,0.05548387096774193,0.0678,0.2377,1550,-1.0477582797557216e-05,0.9665003205059087,0.22699063307493542,-7.628156265870585e-05,0.009549486122627349,-12.733333333333333,0
s044,7,0.1708672258064516,0.1094,0.16989061751433074,0.9942785834668393,0.14395,-0.053,1.3286,1.3816,82,0.05290322580645161,0.0668,0.21075,1550,-1.638527045004716e-05,0.8527506148695081,0.2291830103359173,-4.3766761277948314e-05,-0.040706055451789735,-13.872727272727273,0
s044,8,0.1722301935483871,0.1138,0.1503084432778402,0.872713241899541,0.164875,0.0025,1.2259,1.2234,98,0.06322580645161291,0.06367500000000001,0.22855,1550,-1.1020793953135029e-05,0.903153272290876,0.232446834625323,-5.511483025395525e-05,-0.020987703357085885,-10.964285714285714,0
s046,1,0.2641494193548387,0.1501,0.28894754906828,1.0938750344368404,0.20489999999999997,0.0188,2.6325,2.6136999999999997,90,0.05806451612903226,0.0931,0.298,1550,-2.0018645263039195e-05,0.9109841260521551,0.3652040051679587,-0.00024653727091566676,0.02959572066214977,-13.094017094017094,1
s046,2,0.2133483870967742,0.14884999999999998,0.18223829984297102,0.8541777519159623,0.14539999999999997,-0.02,1.3668,1.3868,79,0.05096774193548387,0.1029,0.2483,1550,-1.0370375395007111e-05,0.881439068426414,0.2571357881136951,3.329336715622225e-05,-0.054287470393193676,-13.398230088495575,1
s046,3,0.18221335483870968,0.12730000000000002,0.1546305096831608,0.8486187041632082,0.13077499999999997,-0.0232,1.4177,1.4409,77,0.04967741935483871,0.0878,0.218575,1550,-7.3060459667339e-06,0.9223193569122919,0.21943242894056847,-0.00016048439945037788,0.0032702820402282506,-13.11965811965812,1
s046,4,0.16412548387096773,0.1174,0.1426364872185802,0.8690644182124656,0.10464999999999999,-0.0433,1.3318,1.3751,83,0.053548387096774196,0.0852,0.18985,1550,3.930704412095467e-06,0.9719500233755154,0.1963855297157623,-3.626696622609282e-05,0.02676279628638284,-14.055045871559633,1
s046,5,0.16520535483870968,0.1153,0.1482049017202412,0.8970895935869602,0.109575,-0.0179,1.5186,1.5365,75,0.04838709677419355,0.0847,0.194275,1550,-2.424764101476115e-05,0.8523579711076161,0.19764864341085273,-4.3561093881717855e-05,0.03351359983346533,-14.296296296296296,1
s046,6,0.14286767741935485,0.1023,0.13322318182135426,0.9324869819457439,0.089975,-0.0359,1.2868,1.3227,52,0.03354838709677419,0.0749,0.164875,1550,-2.2155837814520767e-05,0.8416906191549397,0.17357558139534884,8.368811274983812e-06,-0.034898411719358605,-17.261363636363637,0
s046,7,0.16170141935483873,0.1234,0.11949216180766546,0.7389633518435654,0.10395,-0.0092,0.9411,0.9503,104,0.06709677419354838,0.0881,0.19205,1550,-9.284042345746199e-06,0.9591850087933884,0.18524444444444443,-1.4104964385426352e-05,0.021734256953780007,-12.25,0
s046,8,0.15239070967741936,0.11445,0.13746911856432045,0.9020774086419344,0.08990000000000001,-0.0577,1.7207,1.7784,68,0.04387096774193548,0.08424999999999999,0.17415,1550,-6.002607204603065e-06,0.937718490878552,0.17963565891472869,-2.4514762711296325e-05,-0.00789337012736624,-17.674418604651162,1
s047,1,0.2842091612903226,0.15565,0.34948286128074146,1.2296634986380464,0.30162500000000003,0.013,5.3027,5.2897,47,0.03032258064516129,0.0863,0.387925,1550,-9.336918159772599e-05,0.6979285196603756,0.4204847545219638,-0.00044787330595535485,-0.2683095643660926,-21.764705882352942,2
s047,2,0.2336998064516129,0.13695000000000002,0.24828356607034566,1.0623992695624356,0.1996,-0.0335,2.2443,2.2778,71,0.045806451612903226,0.08715,0.28675,1550,1.798044963101536e-05,1.0659305741312193,0.32276466408268734,-0.00015215548732543972,0.0005641002334065282,-15.353535353535353,1
s047,3,0.22052451612903226,0.1213,0.2297996134480972,1.0420545317469683,0.19972500000000004,-0.0214,2.189,2.2104,78,0.05032258064516129,0.080275,0.28,1550,-5.271195561170189e-06,1.0357269473059414,0.3046948966408269,6.179921268978764e-07,0.024261866471048193,-12.256,1
s047,4,0.2118138064516129,0.12680000000000002,0.2067828217494679,0.9762434704804525,0.17512499999999998,-0.0235,2.0157,2.0391999999999997,68,0.04387096774193548,0.08665,0.261775,1550,-1.349921104327545e-05,0.9081895700539272,0.28118947028423774,3.5386405879820655e-05,-0.05731264830673058,-12.330645161290322,2
s047,5,0.19026541935483873,0.1205,0.18415535154035892,0.967881521945904,0.12117500000000003,-0.0652,2.3789,2.4440999999999997,81,0.052258064516129035,0.0923,0.21347500000000003,1550,-1.3880345799613581e-05,0.9083396722286384,0.23540620155038763,6.281570134801763e-05,-0.05362832818218097,-13.28695652173913,1
s047,6,0.17999954838709675,0.1174,0.16471897626482362,0.9151026357463665,0.12735000000000002,-0.0662,1.4652,1.5314,92,0.05935483870967742,0.0805,0.20785,1550,9.250115897467046e-06,1.0810459556679552,0.22825135658914728,8.632464043845998e-05,0.011445423175941632,-10.9,1
